id,family,days,ann_return,ann_excess,ann_vol,sharpe,max_drawdown,cvar5_daily,price_ann,funding_ann,fee_ann,slip_ann,turnover_ann,gross_mean,net_mean,mean_ci
A_carry_BTC_static,A,973,0.033553672520704944,-0.007695556667373167,0.002886085115150956,-2.6664344121294743,-0.002551681571249409,-0.00015844106198079587,6.866629667722697e-05,0.03538866966451941,-0.0015028933285249689,-0.00040077011196673227,2.0038505598336616,1.0009201703147368,0.00015176883689587095,"(0.033553672520704944, 0.023594924212326392, 0.044434487332497406)"
A_carry_BTC_cond,A,973,0.027216117211049915,-0.014033111977028199,0.003948753000065638,-3.553808500251835,-0.010630038163880307,-0.00048156939134532604,0.00023538028738124007,0.03575368307228792,-0.006926111588408248,-0.0018468345602122417,9.234172801061208,0.8813077514786647,0.00012159699245631443,"(0.027216117211049915, 0.01501417143108451, 0.039809782472994014)"
A_carry_ETH_static,A,973,0.032267693497395736,-0.00898153569068238,0.0031210210736434705,-2.877755541777666,-0.003997495458917033,-0.0002084415274629262,-3.355198125418147e-05,0.03597486740707552,-0.0029002441586549327,-0.0007733777697717564,3.8668888488587814,1.0011814326317414,0.00014887992951587777,"(0.032267693497395736, 0.021842983197892595, 0.04366163017488113)"
A_carry_ETH_cond,A,973,0.02590610464431023,-0.01534312454376788,0.004102101174488218,-3.7403086591793056,-0.009518474959980372,-0.0005209763876348172,-4.306897980044844e-05,0.03636250772901948,-0.008221162471807479,-0.0021921716331020245,10.960858165510121,0.8932240894524287,0.00012177922505475847,"(0.02590610464431023, 0.014043220541048748, 0.038627852523079785)"
A_carry_BTCETH_static,A,973,0.034559827513269206,-0.0066894016748089025,0.0028634867575015404,-2.3361035832572044,-0.0029396196382053263,-0.00013864470117491587,7.438530852724498e-05,0.03598786830981953,-0.0011861217853377497,-0.0003163043197413562,1.5815215987067812,0.9870113057942448,0.0001434785324785021,"(0.034559827513269206, 0.024008062201218365, 0.046240649005901455)"
A_carry_BTCETH_cond,A,973,0.02864536931422909,-0.01260385987384902,0.00350778806754306,-3.5931075741063987,-0.009497101301582767,-0.00042375038416426895,0.00014053099301493502,0.03693091495061361,-0.006652260963989913,-0.0017738156654102176,8.869078327051085,0.888200424106565,0.00011801206023383038,"(0.02864536931422909, 0.01643964800646545, 0.04181109250491857)"
B_fund_L1_8h,B,973,-0.394387815753475,-0.43563704494155303,0.1891883338291643,-2.302663362609504,-0.6747420497222498,-0.022372762222077514,0.00493007589084727,0.05586694961328362,-0.23739128931813724,-0.2177935519394689,474.78257863627437,1.0012839776879512,0.005617244649550142,"(-0.394387815753475, -0.6022000929370017, -0.12925868370510388)"
B_fund_L1_24h,B,973,-0.22667322892350603,-0.2679224581115841,0.19305335415150435,-1.3878156082246773,-0.49504503053847704,-0.021996889618543156,0.014243916187247605,0.05175923192718948,-0.15246647868890287,-0.1402098983490402,304.93295737780574,1.0008395174519442,0.004810856350543705,"(-0.22667322892350603, -0.46593934271948034, 0.03723244350983551)"
B_fund_L1_72h,B,973,-0.13029286904071805,-0.17154209822879612,0.21031391143645453,-0.8156478906086384,-0.4361492251486877,-0.02336191400400354,-0.04994996437905758,0.04261800550028518,-0.06417210481538582,-0.0587888053465592,128.34420963077164,1.0011105470235018,0.0011082668946581576,"(-0.13029286904071805, -0.3905930409057188, 0.16450197067390854)"
B_fund_L3_8h,B,973,0.0010350515205107302,-0.040214177667567394,0.20286604782767453,-0.1982302021367691,-0.2754471505882473,-0.023647046922736725,0.17533569277472494,0.0551399661113354,-0.11979627961354644,-0.10964432775200328,239.59255922709286,0.9994567336587311,0.009947989149016288,"(0.0010350515205107302, -0.22670627032010007, 0.24102354758610367)"
B_fund_L3_24h,B,973,0.07288396603038161,0.03163473684230352,0.20374219939300056,0.15526845659147384,-0.26048660060211537,-0.023908493662434714,0.18044323984632715,0.052510061894073375,-0.08360523385976541,-0.07646410185025462,167.21046771953084,1.0011511276234384,0.011402574324200967,"(0.07288396603038161, -0.16882668733748943, 0.31286361089291725)"
B_fund_L3_72h,B,973,-0.015380985720008648,-0.05663021490808677,0.21066406321182982,-0.26881763336703124,-0.30401963949862065,-0.02420285494598082,0.041229700622884245,0.04548882115323951,-0.05326806783956919,-0.04883143965656288,106.53613567913837,0.9995084571710959,0.007726416250879648,"(-0.015380985720008648, -0.23633348090397185, 0.24088165825773852)"
B_fund_L7_8h,B,973,0.15782646766271047,0.11657723847463236,0.20207475097797978,0.5769015570249835,-0.1932250135147543,-0.02147457413551704,0.24112459128636293,0.05398458433695061,-0.07181318512368223,-0.0654695228369205,143.62637024736446,0.9962606766726885,0.01565798356159317,"(0.15782646766271047, -0.06303649109369304, 0.42477916275886207)"
B_fund_L7_24h,B,973,0.14121392697488813,0.09996469778681001,0.20557875513770388,0.4862598653243626,-0.18939488671899185,-0.022552457471940845,0.18320216801377273,0.0535299751661125,-0.049898564224339456,-0.045619651980657205,99.7971284486789,0.996396272205872,0.014967134096233415,"(0.14121392697488813, -0.08874495131459481, 0.39858640167888637)"
B_fund_L7_72h,B,973,0.24057589121543504,0.19932666202735688,0.20737903252699644,0.961170758675464,-0.23389601591255826,-0.02206665373227104,0.25480058327098054,0.049292244537758746,-0.033098645496342255,-0.030418291096963413,66.19729099268453,0.9942688640245521,0.01636462022155998,"(0.24057589121543504, 0.0035451893963471225, 0.5129320489992761)"
B_fund_L14_8h,B,973,0.2344818382343653,0.19323260904628714,0.20714642540239364,0.9328310091324137,-0.19372781746409695,-0.021921799680924312,0.2626538974874766,0.05197959921373838,-0.041791548654300494,-0.038360109812548886,83.583097308601,0.9967869769101138,0.015705581657143454,"(0.2344818382343653, 0.017926717289134825, 0.50438380830491)"
B_fund_L14_24h,B,973,0.22160382721742403,0.18035459802934584,0.20856959136296105,0.864721443096111,-0.19240275152923558,-0.022290773748710486,0.23029070679936775,0.050554328097073595,-0.030875085574966488,-0.028366122104050234,61.750171149932974,0.9960570077658495,0.016104052369286047,"(0.22160382721742403, 0.004507494951551017, 0.4912189318854697)"
B_fund_L14_72h,B,973,0.19617924877479703,0.1549300195867189,0.2158084510617426,0.7179052480312439,-0.2851175540701545,-0.02342558030640681,0.18927535668840587,0.048734985533295985,-0.021809258074674934,-0.02002183537222949,43.618516149349865,0.9954960072838039,0.01339748675318941,"(0.19617924877479703, -0.04835808690845743, 0.4735907706963832)"
C_res_H1_rev_nofund,C,973,-0.5411987536585638,-0.582447982846642,0.21272731916283355,-2.7380027404980516,-0.7779186377784448,-0.027623620664286037,-0.06861199704088092,0.003165324047884169,-0.24712770045638513,-0.22862438020918202,494.25540091277014,1.0032151585579776,-0.02551208070285938,"(-0.5411987536585638, -0.7426300634963624, -0.273546485046314)"
C_res_H1_rev_fund,C,973,-0.31208682422869755,-0.35333605341677565,0.2006015530940111,-1.7613824417958823,-0.5877691725599002,-0.026626391441709613,0.0063739029827373445,0.04015545315661974,-0.18661849050422843,-0.17199768986382646,373.23698100845684,1.0015158673079567,-0.005531130402747021,"(-0.31208682422869755, -0.5070847549194272, -0.05451055026113045)"
C_res_H1_mom_nofund,C,973,-0.4081164359744181,-0.4493656651624962,0.2133109118357389,-2.1066229631446722,-0.7224342947205615,-0.024740296608018356,0.07082066292911937,-0.003119722570408482,-0.24715574885028754,-0.22866162748284158,494.3114977005751,1.0017442103526337,0.025647812591140635,"(-0.4081164359744181, -0.6846853762564693, -0.20041080897976923)"
C_res_H1_mom_fund,C,973,-0.2524601604305319,-0.29370938961860993,0.20661762462993571,-1.4215117908971253,-0.5900077288822385,-0.022650468519936476,0.07506451279634228,0.03844869246807205,-0.18994893869307725,-0.17602442700186827,379.8978773861545,1.0016895928092608,0.027748830129577712,"(-0.2524601604305319, -0.49947172052282557, -0.0470310129475668)"
C_res_H3_rev_nofund,C,973,-0.44847308443907197,-0.4897223136271501,0.21665492805279463,-2.2603792954472475,-0.7170398001424492,-0.03005067485163749,-0.1667911974855377,-0.0014836881211009443,-0.1457679814629011,-0.13443021736953312,291.5359629258022,1.0033563022410352,-0.03048841164946093,"(-0.44847308443907197, -0.6728054578280156, -0.17512902176086137)"
C_res_H3_rev_fund,C,973,-0.27511056274576373,-0.3163597919338419,0.2072351109954537,-1.5265742876012076,-0.5528269935806667,-0.028156103708679384,-0.0816553994218842,0.03771797176762247,-0.12046149604018054,-0.11071163905132148,240.92299208036104,1.0022187315977766,-0.004431406755274293,"(-0.27511056274576373, -0.5235954225716554, -0.0015081248803349293)"
C_res_H3_mom_nofund,C,973,-0.1019416836467707,-0.14319091283484883,0.21580065218363045,-0.6635332719615874,-0.48313132004357473,-0.022503853916455607,0.17663231359423986,0.0013896150789992575,-0.14565051320167727,-0.13431309911833206,291.3010264033545,1.0012758086915954,0.03028557607960548,"(-0.1019416836467707, -0.38152272660628594, 0.12138320803543763)"
C_res_H3_mom_fund,C,973,-0.06290372542090576,-0.10415295460898386,0.21347449625896436,-0.487894134588502,-0.4389606173664342,-0.022686237533955347,0.13587586558749384,0.03978767666117663,-0.12431867033796191,-0.11424859733161442,248.6373406759238,1.0001082418586156,0.034646359274725126,"(-0.06290372542090576, -0.3165960930729094, 0.18004216146932867)"
C_res_H7_rev_nofund,C,973,-0.2094816264486597,-0.25073085563673775,0.22131797067163164,-1.1328987649572564,-0.5253462823220199,-0.029403710988783003,-0.015205035724882155,-0.0028268217329224243,-0.0995523197009845,-0.09189744928986966,199.10463940196902,1.0018843396388235,-0.02919915628714477,"(-0.2094816264486597, -0.4959085104037819, 0.07234459286736289)"
C_res_H7_rev_fund,C,973,-0.09521680151483124,-0.13646603070290933,0.19712671087533318,-0.6922756946379182,-0.4381400406578867,-0.025242412317394127,0.046418248923379764,0.036520914912988166,-0.09280060513775644,-0.08535536021344388,185.6012102755129,1.000293296973505,-0.000810173250222015,"(-0.09521680151483124, -0.37262585573813606, 0.17674517543327528)"
C_res_H7_mom_nofund,C,973,-0.16048998815922294,-0.20173921734730108,0.22341368159370759,-0.9029850629925926,-0.48384637815310316,-0.024936517911818966,0.028213091697176767,0.0027668054342143947,-0.09956431716091639,-0.09190556812969779,199.12863432183278,0.9991714885072556,0.02823532274018388,"(-0.16048998815922294, -0.4519427948870195, 0.13953969561067253)"
C_res_H7_mom_fund,C,973,-0.026592118290864775,-0.06784134747894292,0.22585371998852827,-0.3003773747113342,-0.4247119230292268,-0.02482278902313488,0.11617335581061579,0.03907629179152937,-0.09469471292074387,-0.08714705297226577,189.3894258414877,0.9987661133993971,0.02977223837799117,"(-0.026592118290864775, -0.3128449185533273, 0.2382491453406284)"
C_res_H21_rev_nofund,C,973,-0.25069704357103967,-0.29194627275911783,0.22634164546070668,-1.289847796965849,-0.5647600299226452,-0.030428653025827042,-0.13267458903710355,-0.008690502815854786,-0.056863202120322844,-0.052468749597758435,113.72640424064568,0.9937209671126223,-0.023217199779830153,"(-0.25069704357103967, -0.5416349714455011, 0.02110597984280378)"
C_res_H21_rev_fund,C,973,-0.12609283849352268,-0.16734206768160076,0.20253501306237376,-0.8262377213270536,-0.4045131997218031,-0.026965461591661806,-0.019502211918590157,0.033150388218117,-0.07301771059928694,-0.06672330419376243,146.03542119857389,1.000575777165488,0.00831523600416282,"(-0.12609283849352268, -0.3980607601080322, 0.13578218103334383)"
C_res_H21_mom_nofund,C,973,0.01810102464981406,-0.02314820453826404,0.2266513907204215,-0.10213131481208407,-0.33650197322467024,-0.0264410492826246,0.11895233960500814,0.00870669344980108,-0.05699241680068627,-0.052565591604308584,113.98483360137256,0.9941293926135653,0.02427343926526282,"(0.01810102464981406, -0.2627027740183046, 0.3022029858361878)"
C_res_H21_mom_fund,C,973,0.06221577209228117,0.020966542904203078,0.2136770522236693,0.0981225765051086,-0.3201882583351078,-0.02335937076363255,0.1573119383433932,0.0418634549472934,-0.07129087662616126,-0.0656687445722434,142.58175325232253,0.9966780454199111,0.016018815277667537,"(0.06221577209228117, -0.18533381209055586, 0.3271252632642862)"
C_lgbm_nofund,C,973,-0.12748552092381896,-0.16873475011189706,0.19920492961825945,-0.8470410367617255,-0.4457564326713498,-0.02253339557343574,0.17174655133272926,0.0009237485780233293,-0.15496059641873913,-0.14519522441583257,309.9211928374783,0.9994080675547834,0.10395321120479603,"(-0.12748552092381896, -0.37973554372011864, 0.12813337809269446)"
C_lgbm_fund,C,973,-0.19026482724048624,-0.23151405642856435,0.2072725846226587,-1.116954549729948,-0.5806941739140654,-0.026391269686614514,0.0939347295953081,0.0021490189841999493,-0.1479227183724489,-0.13842585744754526,295.8454367448978,0.9988950947633221,0.12380230997845071,"(-0.19026482724048624, -0.4356224977852742, 0.04411186903293221)"
