,MKT,MOM,FUND
2024-01-01 00:00:00+00:00,-0.0032948425179657828,0.010272331566796054,-0.002245496697071982
2024-01-02 00:00:00+00:00,0.04562482635470245,0.0052268643357349515,-0.005639379942868709
2024-01-03 00:00:00+00:00,-0.02500339843150534,-0.012112812620144076,0.00370291055513899
2024-01-04 00:00:00+00:00,-0.08042695564185415,0.004064622403694654,0.013170592065632333
2024-01-05 00:00:00+00:00,0.023613428139443265,-0.0004513828644093477,-0.0020920164813422477
2024-01-06 00:00:00+00:00,-0.024247669629859706,-0.0027266344193778783,0.010471605415166377
2024-01-07 00:00:00+00:00,-0.024763006579977112,-0.0008359866629238002,-0.0014444233060397762
2024-01-08 00:00:00+00:00,-0.03009469122858702,0.003119221304986254,-0.004115565632069164
2024-01-09 00:00:00+00:00,0.05865730619574638,0.0014157791637591788,-0.008665954281149262
2024-01-10 00:00:00+00:00,-0.025245503619151958,-0.003089630443969034,0.004509917524228799
2024-01-11 00:00:00+00:00,0.08745069752311033,0.019150624090967728,0.01578728200083526
2024-01-12 00:00:00+00:00,0.03328355981835198,0.015607252908307268,0.016670053034733828
2024-01-13 00:00:00+00:00,-0.04885675364698689,-0.0013973520814138335,-0.004610685665737782
2024-01-14 00:00:00+00:00,0.005359869477910495,-0.0014304638943978688,-0.0007595047150634419
2024-01-15 00:00:00+00:00,-0.031176125729581675,-0.012231807779487265,-0.0018531944888539914
2024-01-16 00:00:00+00:00,0.02141535084045732,0.0015970483302043758,0.001889139703728307
2024-01-17 00:00:00+00:00,0.007200645616820174,0.0034510769870837146,-0.005488995769908437
2024-01-18 00:00:00+00:00,-0.011359042078237288,-0.00878511019400416,-0.0059464743839424015
2024-01-19 00:00:00+00:00,-0.041287589847146325,0.005470036197609902,0.005672388672331905
2024-01-20 00:00:00+00:00,0.008977164146590489,0.018587856419892836,-0.02067898256822099
2024-01-21 00:00:00+00:00,0.003478675863311764,-0.009703792750103314,0.004373088164411458
2024-01-22 00:00:00+00:00,-0.011066452455542608,0.0011996780473195877,2.396045345569298e-05
2024-01-23 00:00:00+00:00,-0.05173238536850081,-0.008242503359953697,0.005696238121738782
2024-01-24 00:00:00+00:00,-0.013652072678899,-0.010381732213606179,0.0038346155605532106
2024-01-25 00:00:00+00:00,0.006515870024505754,-0.008658583482092237,0.0038959155125834984
2024-01-26 00:00:00+00:00,-0.009445988445333923,0.002679860712448595,0.00264074181015356
2024-01-27 00:00:00+00:00,0.030887877591450456,-0.006868473735609489,-0.0031763592433543086
2024-01-28 00:00:00+00:00,0.00651015837530231,-0.004666378185260986,0.0006670868988152673
2024-01-29 00:00:00+00:00,-0.0017839168398967968,-0.006176049883221021,-0.0002568295314615968
2024-01-30 00:00:00+00:00,0.02705714472838084,-0.0029346440138085517,0.0028185055211178904
2024-01-31 00:00:00+00:00,-0.008933313988877579,0.01686110932528979,0.004422438822020878
2024-02-01 00:00:00+00:00,-0.026112592109401898,-0.003937086406668661,-0.0007378133494548518
2024-02-02 00:00:00+00:00,0.016667679860659187,0.015067575664178592,-0.005486206831110567
2024-02-03 00:00:00+00:00,0.017778302373604102,-0.0022674863146039926,-0.005493112856569955
2024-02-04 00:00:00+00:00,0.002061027140377599,-0.008488632828346828,-4.1963617254571584e-05
2024-02-05 00:00:00+00:00,-0.015776837252219043,0.009251036156867332,0.007436165641766916
2024-02-06 00:00:00+00:00,0.007979688059067363,-0.000911468930392237,-0.007599694748485556
2024-02-07 00:00:00+00:00,0.0042371163278918395,-0.005475682983354899,0.010329110269225334
2024-02-08 00:00:00+00:00,0.020822612661202302,0.004482502918927841,0.006000212197597462
2024-02-09 00:00:00+00:00,0.009460535277921804,0.007437339353576829,0.009420647898770713
2024-02-10 00:00:00+00:00,0.023910689655151515,0.004478471752996888,-0.0017717355910750947
2024-02-11 00:00:00+00:00,0.002306956053927959,0.0130245510761468,-0.00015293146653865388
2024-02-12 00:00:00+00:00,0.01025181437364695,0.0012319225571933564,0.023704434539131482
2024-02-13 00:00:00+00:00,0.031738847975983225,-0.006663045687477954,0.0038708080620626353
2024-02-14 00:00:00+00:00,-0.016679666278727405,-0.00921869093210602,0.006501437057853732
2024-02-15 00:00:00+00:00,0.031786347798437094,0.0067470079005406865,0.0038769793095674117
2024-02-16 00:00:00+00:00,0.013955368029098343,-0.006183537102891047,-0.003937698724039063
2024-02-17 00:00:00+00:00,-0.005431108155047393,-0.006030586365934628,0.00462197110666661
2024-02-18 00:00:00+00:00,-0.0035120877343416844,-0.0013702903941382899,-0.01128817144150406
2024-02-19 00:00:00+00:00,0.01370021888336217,-0.00012396728886960838,0.001192625417542861
2024-02-20 00:00:00+00:00,0.016519117192947297,0.020161564645782604,-0.0205698971836792
2024-02-21 00:00:00+00:00,0.0010538812320645796,-0.0031257429053410802,-0.012216424088005814
2024-02-22 00:00:00+00:00,-0.019780936362648393,-0.004798981456979842,0.017769495808625732
2024-02-23 00:00:00+00:00,0.0027209146574564374,0.012863991242374811,-0.01036538691656499
2024-02-24 00:00:00+00:00,0.0006626419148360707,0.006313206196480515,-0.0033034415594640027
2024-02-25 00:00:00+00:00,0.017225827034158293,-0.003490157525275275,0.007974508511827863
2024-02-26 00:00:00+00:00,0.010355064152340731,-0.0037240386783911504,0.010920277037015631
2024-02-27 00:00:00+00:00,0.02274823410794101,-0.00814367336257334,0.016347221452186426
2024-02-28 00:00:00+00:00,0.018544684670003423,-0.010916226016319329,0.0038386131761833212
2024-02-29 00:00:00+00:00,0.018869843115818043,0.013512996558290958,0.016769552540788327
2024-03-01 00:00:00+00:00,0.012347873140462772,-0.011948361546720965,-0.01503502121270248
2024-03-02 00:00:00+00:00,0.04332606493217543,-0.011078526684979589,-0.0035661494501185746
2024-03-03 00:00:00+00:00,0.10625189880401803,-0.009864070107386227,0.0576023118246204
2024-03-04 00:00:00+00:00,-0.0036050308809545554,0.012784222534083026,0.0079312803005614
2024-03-05 00:00:00+00:00,0.016392967872588437,-0.006526004625201653,0.014508240276111962
2024-03-06 00:00:00+00:00,-0.05183270400382413,0.04255269792682788,-0.0096983909637508
2024-03-07 00:00:00+00:00,0.07427792266033705,-0.0060689236408528234,0.01345999119593409
2024-03-08 00:00:00+00:00,0.02801589263882577,0.004553577505142696,-0.013058921180944367
2024-03-09 00:00:00+00:00,0.00898386592461926,0.019458607785943695,-0.011766659230291939
2024-03-10 00:00:00+00:00,0.0017325895565048599,-0.010500239090948216,0.002220843499628497
2024-03-11 00:00:00+00:00,-0.004815571299442249,-0.0034365043141533777,0.005150550239720332
2024-03-12 00:00:00+00:00,0.07343828099480901,-0.051113803510625444,-0.019033958150481037
2024-03-13 00:00:00+00:00,-0.016108852615098364,-0.009106297173383593,-0.008524756939317703
2024-03-14 00:00:00+00:00,0.01643219724917542,0.014008417305143501,0.03264040119139941
2024-03-15 00:00:00+00:00,-0.01877369936300081,0.0033631604906102694,-0.0032470352964342943
2024-03-16 00:00:00+00:00,-0.03760012717748879,0.009454489963885936,0.0029742772650673786
2024-03-17 00:00:00+00:00,-0.07943931276435663,-0.003241313617475561,0.008837475884016231
2024-03-18 00:00:00+00:00,0.04256567236813276,0.016285787338753684,-0.02163053539817313
2024-03-19 00:00:00+00:00,-0.014811782466703642,0.003373764870227363,-0.00683876720064992
2024-03-20 00:00:00+00:00,-0.10276735957321113,-0.0013714722162579194,0.020257170339892244
2024-03-21 00:00:00+00:00,0.10000832679781739,-0.0041386738397041645,-0.0006887716647525813
2024-03-22 00:00:00+00:00,-0.0042335289191955654,-0.011590002954019941,0.0019646053752881937
2024-03-23 00:00:00+00:00,-0.021157278592496734,0.013862503112129594,0.011765556412955102
2024-03-24 00:00:00+00:00,0.009615178128565249,0.004400058256895304,0.010234566439090832
2024-03-25 00:00:00+00:00,0.03904243494551753,0.00565031392876627,-0.0010485348390925466
2024-03-26 00:00:00+00:00,0.031086124541718944,1.4738424370246334e-05,-0.004360231056451927
2024-03-27 00:00:00+00:00,0.0034981671172368794,-0.01321246734785871,0.017907825739902638
2024-03-28 00:00:00+00:00,-0.014624169961812816,0.01553154129094999,-0.01494377892340478
2024-03-29 00:00:00+00:00,0.016927599292819506,0.0013665354166526218,0.006440928778761868
2024-03-30 00:00:00+00:00,0.02392542230451976,0.020117205388481267,-0.02243433363725464
2024-03-31 00:00:00+00:00,-0.021629427436821065,-0.004754808365757536,0.010647268413346334
2024-04-01 00:00:00+00:00,0.037367395949066205,-0.00010962265645059781,-0.006884879167509846
2024-04-02 00:00:00+00:00,-0.04700971610876584,0.0020327796927866464,-0.004906414074374515
2024-04-03 00:00:00+00:00,-0.05381217569043904,0.0228634286275,-0.017633604976060986
2024-04-04 00:00:00+00:00,-0.019367513465772226,-0.003164286030215863,0.011178018586776407
2024-04-05 00:00:00+00:00,0.030891942512725527,0.014057360772956926,-0.003946771720130724
2024-04-06 00:00:00+00:00,-0.012108542300187467,0.004985190507037224,-0.0016104506264644012
2024-04-07 00:00:00+00:00,0.023652093117297806,-0.00021025171234697693,-0.0027587660175162356
2024-04-08 00:00:00+00:00,0.013067690495097024,-0.009582126521671855,0.0035044754790644677
2024-04-09 00:00:00+00:00,0.030334127456932366,-0.004270413729323218,-0.004405904210418354
2024-04-10 00:00:00+00:00,-0.0426300888746238,-0.011596716258838185,0.019371497778123605
2024-04-11 00:00:00+00:00,-0.007797895257879594,0.0020029650604132553,0.003358681984652165
2024-04-12 00:00:00+00:00,-0.011842058427839357,0.02099334081741836,0.024498891895875004
2024-04-13 00:00:00+00:00,-0.12187999959006808,0.023334934211103286,-0.00895152076011602
2024-04-14 00:00:00+00:00,-0.11175697874157464,0.01681228589244757,-0.001992452956187243
2024-04-15 00:00:00+00:00,0.06140277298810199,-0.006075133244406673,-0.004213237642440773
2024-04-16 00:00:00+00:00,-0.023966555896275075,0.0025687496938477093,-0.005651877938521692
2024-04-17 00:00:00+00:00,-0.0019203394784625886,0.0010081721329282204,-0.014477786354726312
2024-04-18 00:00:00+00:00,-0.026624809148346203,-0.004364317512517813,0.004005196523915914
2024-04-19 00:00:00+00:00,0.028256549007001468,-0.011526279835735712,0.007654711313533527
2024-04-20 00:00:00+00:00,0.0038574103031140837,-0.008542242987083134,-0.005937373732028196
2024-04-21 00:00:00+00:00,0.061977642475846945,-0.005059521163862208,0.002526338566886349
2024-04-22 00:00:00+00:00,-0.012875690272866391,0.006725539423717086,0.007205188596992337
2024-04-23 00:00:00+00:00,0.031911510618059614,0.0041874312664673405,0.014410525584697974
2024-04-24 00:00:00+00:00,-0.015178913513220753,0.005639751439513386,-0.005721993759278442
2024-04-25 00:00:00+00:00,-0.034566013967042515,-0.0026698530223598425,0.001631517724828268
2024-04-26 00:00:00+00:00,0.0010025938219725343,0.0048601833655695075,-0.002374635538824202
2024-04-27 00:00:00+00:00,-0.003969640201357127,0.004858933431999757,-0.013972409046780083
2024-04-28 00:00:00+00:00,0.001338824328107028,-0.008095876365754096,0.002276998772666514
2024-04-29 00:00:00+00:00,-0.0073797906851483875,0.005136601177931241,-0.0005226043253398833
2024-04-30 00:00:00+00:00,-0.004893957054879561,-0.012253571610179752,0.012815024492087464
2024-05-01 00:00:00+00:00,-0.058377644035943074,-0.0031198635879466107,-0.004572268617154686
2024-05-02 00:00:00+00:00,0.008182820473859143,-0.006146392654235393,0.001033282137039804
2024-05-03 00:00:00+00:00,0.017250835042477864,-0.006437895861292801,0.0022338228420631418
2024-05-04 00:00:00+00:00,0.0360642289795318,0.0038531811956669516,0.0019762346375075887
2024-05-05 00:00:00+00:00,0.003914908602069948,-0.008313197663631219,0.005631655037798886
2024-05-06 00:00:00+00:00,0.007457656372872049,0.001907000354261537,0.0022280872821642834
2024-05-07 00:00:00+00:00,-0.009188375679916682,0.0013273633289048173,-0.0009995704629589186
2024-05-08 00:00:00+00:00,-0.020836147938261215,-0.0031012629006037778,0.0006202275561832535
2024-05-09 00:00:00+00:00,-0.006475445433663281,0.006637279822951134,0.00024103625922400676
2024-05-10 00:00:00+00:00,0.02198098675002121,-0.004681048092146959,0.00048640729573014936
2024-05-11 00:00:00+00:00,-0.0411734246431184,0.00502067269000671,0.0004692364797543104
2024-05-12 00:00:00+00:00,-0.0024091124156867317,0.0005183298408676403,0.001830554656825075
2024-05-13 00:00:00+00:00,0.0004744067590768249,0.0007080170774085655,0.005608749453236195
2024-05-14 00:00:00+00:00,0.0008335060868191283,-0.00031475976313855404,-0.0011188596735081271
2024-05-15 00:00:00+00:00,-0.0258356862398343,-0.005356685460109348,-0.0031939431052455795
2024-05-16 00:00:00+00:00,0.06545305772985822,-0.006236959474431979,0.0008662956986283036
2024-05-17 00:00:00+00:00,0.0003094794302904417,-0.011433040425249754,0.013005589954129985
2024-05-18 00:00:00+00:00,0.033722388885928316,0.0008246435653026082,0.005871811673240659
2024-05-19 00:00:00+00:00,0.005559310410372127,-0.004160453405546336,0.0006840996232761388
2024-05-20 00:00:00+00:00,-0.02262061381414276,-0.002327509430563339,0.005222051344228533
2024-05-21 00:00:00+00:00,0.10536008430551609,-0.02526513300318371,0.009636957345835289
2024-05-22 00:00:00+00:00,0.005205003325802485,-0.006925729176709916,0.006007685542908075
2024-05-23 00:00:00+00:00,-0.020555867868503993,0.00424429862136463,-0.0014239869786226889
2024-05-24 00:00:00+00:00,-0.015537675134211197,0.004257310286593219,-0.008617477379812754
2024-05-25 00:00:00+00:00,0.009827875477593739,0.0069186361485170135,0.013451516164476391
2024-05-26 00:00:00+00:00,0.015658465924512994,0.004401836862743184,0.006741921873800681
2024-05-27 00:00:00+00:00,-0.013002848894740888,0.006969386119235187,0.006790158335564415
2024-05-28 00:00:00+00:00,0.02230183185976128,0.0005287807307578855,-0.009036585117124357
2024-05-29 00:00:00+00:00,-0.021285334553128716,0.005490897967499646,0.00324240042355065
2024-05-30 00:00:00+00:00,-0.017254978285475887,-0.007454736432379754,0.005229555434710439
2024-05-31 00:00:00+00:00,-0.004507085467139811,-0.002597752506891602,-7.275585663799308e-05
2024-06-01 00:00:00+00:00,-0.00854519032543352,-0.005473287394433975,-0.0056422418733180334
2024-06-02 00:00:00+00:00,0.004494027496647653,-0.0028535241073001072,0.0026040054060661485
2024-06-03 00:00:00+00:00,-0.01265870813327766,-0.006196439978850789,0.0018884647094137433
2024-06-04 00:00:00+00:00,0.004933739103528745,-0.00985605856768287,-0.004527219980637771
2024-06-05 00:00:00+00:00,0.037239135677364386,0.020850964141083707,0.007859061079125615
2024-06-06 00:00:00+00:00,0.00882544083657395,-0.0013986440890196654,-0.002883272685709015
2024-06-07 00:00:00+00:00,-0.01637639036884718,-0.0007811763750424081,-0.006119367366376405
2024-06-08 00:00:00+00:00,-0.04682214176751059,0.0012311662774214913,-0.0027118934616974935
2024-06-09 00:00:00+00:00,-0.01470832912148882,0.016140096578084226,0.001425797274761892
2024-06-10 00:00:00+00:00,0.008945164492500232,-0.008990283741739569,-0.0027936238422618547
2024-06-11 00:00:00+00:00,-0.015205436775195516,-0.0018358797279491986,-0.004813749296515269
2024-06-12 00:00:00+00:00,-0.04065941273241226,-0.02857332164214285,0.012228871742206243
2024-06-13 00:00:00+00:00,0.03723372552189867,0.014556671130173062,-0.0038676132371314722
2024-06-14 00:00:00+00:00,-0.04567793136295817,0.022316123138923446,-0.007009302579692194
2024-06-15 00:00:00+00:00,-0.015796044542602226,0.0036057115457507343,0.00013974391321204074
2024-06-16 00:00:00+00:00,0.02656373144829346,0.004731254302018964,-0.006020204226959933
2024-06-17 00:00:00+00:00,0.010035383064291392,0.0010938766266670188,-0.0009351730144375333
2024-06-18 00:00:00+00:00,-0.0388094214370042,0.002600406364999968,-0.006229996194992461
2024-06-19 00:00:00+00:00,-0.04481808610781515,-0.001691369840851992,0.0016840181356667825
2024-06-20 00:00:00+00:00,0.012002892215019897,0.00040144302604781703,0.007868897380629332
2024-06-21 00:00:00+00:00,0.0019883731226757683,-0.010591731779956514,-0.008241270473254106
2024-06-22 00:00:00+00:00,-0.013255899852341605,0.004935893475498586,-8.942297702775929e-05
2024-06-23 00:00:00+00:00,0.0024782494278891825,0.0034529714462343715,-3.093849327986021e-05
2024-06-24 00:00:00+00:00,-0.02030765272491201,0.0019377432368632899,-0.00021661436358406816
2024-06-25 00:00:00+00:00,-0.011438451654621495,-0.019049399754768534,0.003579091498322089
2024-06-26 00:00:00+00:00,0.022223938233749404,0.0007142042748399511,0.01116532360854689
2024-06-27 00:00:00+00:00,-0.014238365164575861,-0.0012397310473283739,0.006896425655083334
2024-06-28 00:00:00+00:00,0.027647119792201462,-0.006124859001134952,0.006963656772205954
2024-06-29 00:00:00+00:00,-0.020625771545180874,-0.0050462248181612854,0.0033395978127360175
2024-06-30 00:00:00+00:00,-0.006796611396691062,0.006220020504275682,-0.0001466978307234056
2024-07-01 00:00:00+00:00,0.028768402055420104,-0.004484096949988409,0.00014998626433963136
2024-07-02 00:00:00+00:00,-0.006235192266792662,0.007685158232118442,0.0011048228364595248
2024-07-03 00:00:00+00:00,0.008147992230843282,0.004965639413956621,0.0033096596018556044
2024-07-04 00:00:00+00:00,-0.04640920136115783,-0.005456920057289618,0.003743099565434385
2024-07-05 00:00:00+00:00,-0.08741168417531882,-0.009821984232084658,7.67112166553535e-05
2024-07-06 00:00:00+00:00,-0.01980843222248762,-0.004314900087740618,0.006040438920909045
2024-07-07 00:00:00+00:00,0.06917135264768272,-0.0007633777059174541,0.008487401873330202
2024-07-08 00:00:00+00:00,-0.06074878776734659,-0.002182217767910319,-0.015465380227078204
2024-07-09 00:00:00+00:00,0.042777104459881886,-0.017524219473730247,-0.0013517092884029781
2024-07-10 00:00:00+00:00,0.012977275475863892,-0.0004738677157968847,0.0036187576328055994
2024-07-11 00:00:00+00:00,0.008698091871528094,-0.006265270516340426,0.010057171588205793
2024-07-12 00:00:00+00:00,-0.009016067702673899,-0.001626749968433848,0.0133576727852491
2024-07-13 00:00:00+00:00,0.032264421810332705,0.0039370224603052706,0.0023905600726509893
2024-07-14 00:00:00+00:00,0.028528641516152604,0.014798939547565103,-0.008459421807932905
2024-07-15 00:00:00+00:00,0.012475057016052204,-0.009035746893682816,0.0010510540536457754
2024-07-16 00:00:00+00:00,0.04893376208635458,-0.0076119198270264915,0.009983152834043437
2024-07-17 00:00:00+00:00,-0.006284326131248674,0.009495042580010082,0.008038979900286868
2024-07-18 00:00:00+00:00,-0.010830304536751992,0.012859504843806184,-0.005022446635748374
2024-07-19 00:00:00+00:00,-0.013882007727069637,-0.014172449463138942,0.011095533805537355
2024-07-20 00:00:00+00:00,0.03328511168750651,-0.0028520207174895715,0.002673816804745687
2024-07-21 00:00:00+00:00,0.006576647273229552,-0.001829976977181386,0.0011948524821477173
2024-07-22 00:00:00+00:00,0.020398423139096324,-0.00043438561196653796,0.010670356940993856
2024-07-23 00:00:00+00:00,-0.03623560212814327,0.006030983963739871,-0.0017169261801343364
2024-07-24 00:00:00+00:00,-0.01270334323700814,-0.01646359199356984,0.004293687375409963
2024-07-25 00:00:00+00:00,-0.02331479802481588,-0.0014162385599826354,-0.0014159105423647252
2024-07-26 00:00:00+00:00,-0.02423724400343601,-0.007942863267250825,0.00916716107981334
2024-07-27 00:00:00+00:00,0.042498163105023384,-0.0010921498241401387,-0.001286948706512725
2024-07-28 00:00:00+00:00,-0.0011929906515614653,-0.0009791000187495515,0.0005778407355166025
2024-07-29 00:00:00+00:00,-0.006489149415424933,0.010427844469536398,0.0072066977428368135
2024-07-30 00:00:00+00:00,0.0047590310312210764,0.0025561750370340693,0.0063435220628244035
2024-07-31 00:00:00+00:00,-0.01196934510935658,0.006421828630589185,-0.005701698501970043
2024-08-01 00:00:00+00:00,-0.018440668124969663,-0.006541272456951072,-0.007588829333877564
2024-08-02 00:00:00+00:00,-0.0017335317524381556,-0.020024087913591414,0.0020655418945901356
2024-08-03 00:00:00+00:00,-0.060384649321217496,0.00430769113040173,0.013844944547875514
2024-08-04 00:00:00+00:00,-0.032761273090293974,-0.015364122852190574,-0.004029878707706398
2024-08-05 00:00:00+00:00,-0.05714001615592392,-0.016815366292619503,-0.012174612644751823
2024-08-06 00:00:00+00:00,-0.08306502972322706,0.0009999940775861477,0.003865431993679727
2024-08-07 00:00:00+00:00,0.05148763172815702,0.0014748796428448038,-0.004516012236214704
2024-08-08 00:00:00+00:00,-0.010630951702557116,0.024524791193504793,0.007202019439406753
2024-08-09 00:00:00+00:00,0.09932373851561752,-0.00893793367827269,0.008738840151245455
2024-08-10 00:00:00+00:00,-0.024233907626981098,-0.006276408736296138,5.017928524235474e-05
2024-08-11 00:00:00+00:00,0.0042807945050037,0.0016847496753667683,-0.006799171434844684
2024-08-12 00:00:00+00:00,-0.04599834940955486,-0.004565443425541725,0.003163428075958095
2024-08-13 00:00:00+00:00,0.05694352678122098,0.01757759071568551,-0.02218115294042206
2024-08-14 00:00:00+00:00,0.006376460677222011,0.0053668147544908675,-0.007203304667345926
2024-08-15 00:00:00+00:00,-0.0053037242909336575,0.016404165044820274,-0.01730053487764981
2024-08-16 00:00:00+00:00,-0.017455490915806737,0.00902558248601112,-0.00787392899816743
2024-08-17 00:00:00+00:00,0.013063239744267723,0.00845856297995008,0.0009635575476188867
2024-08-18 00:00:00+00:00,0.008475984773748179,-0.01022573212858938,0.008225765386438337
2024-08-19 00:00:00+00:00,-0.009454522814451168,-0.006288574392348165,-0.00019982225663989515
2024-08-20 00:00:00+00:00,0.019491655839862433,0.010045456492406499,-0.00014314419274177845
2024-08-21 00:00:00+00:00,0.014504739248632648,0.014749423822407728,-0.005820847555698146
2024-08-22 00:00:00+00:00,0.03426781030301431,-0.011001764046853851,0.006688067775048072
2024-08-23 00:00:00+00:00,0.008110575586685842,-0.007162660908975783,0.0008106578188592157
2024-08-24 00:00:00+00:00,0.044412305203814145,-0.003350976012749625,0.002826843896110887
2024-08-25 00:00:00+00:00,0.0038630850835797686,-0.002661848762279749,-0.009821195977060345
2024-08-26 00:00:00+00:00,-0.01611260539772123,0.0059608458157941815,0.0069785238871220906
2024-08-27 00:00:00+00:00,-0.0373372592682412,-0.005136749077223674,-0.0022708072379748444
2024-08-28 00:00:00+00:00,-0.05117978301373687,-3.9275839760206745e-05,-0.0039770860054978065
2024-08-29 00:00:00+00:00,0.001842400047597496,0.00031620217030844266,-0.007901903314495494
2024-08-30 00:00:00+00:00,-0.003691237321072364,-0.00496559705417118,0.0006904514382168598
2024-08-31 00:00:00+00:00,0.00903330996144293,0.010137604821929274,-0.004834987990939182
2024-09-01 00:00:00+00:00,-0.00990120426103458,-0.0042839308401032734,0.001915337626635533
2024-09-02 00:00:00+00:00,-0.043717847968522204,-0.005813705202995641,0.00045207893679973166
2024-09-03 00:00:00+00:00,0.03947318124234696,0.006694226447882083,-4.350657036923523e-05
2024-09-04 00:00:00+00:00,-0.04229658098687889,-0.007847542823711024,-0.011222118923468105
2024-09-05 00:00:00+00:00,0.02486161742924231,0.0025185076759614397,0.006972261511579974
2024-09-06 00:00:00+00:00,-0.02022105833874035,0.002349779593539599,-0.0023054418279348883
2024-09-07 00:00:00+00:00,-0.0335236200353158,0.006660521228992631,0.011124152557023313
2024-09-08 00:00:00+00:00,0.016671107961550084,0.007013503240193079,0.006243881017717176
2024-09-09 00:00:00+00:00,0.02060881602178899,-0.003098911051494259,0.007241730673226546
2024-09-10 00:00:00+00:00,0.035179796663212075,0.007807687571710477,0.009737850774327587
2024-09-11 00:00:00+00:00,0.008573289231655715,0.008164856941578013,0.0103764767151163
2024-09-12 00:00:00+00:00,-0.0030641766228330703,-0.0035405128854021986,0.006336889283573879
2024-09-13 00:00:00+00:00,0.014140413400959624,-0.014865320522949196,-0.010667376994142691
2024-09-14 00:00:00+00:00,0.020482627798530464,-0.0006688486024425993,-0.0036919711602022734
2024-09-15 00:00:00+00:00,-0.008585775411068619,-0.0004056226174490983,0.0010611770325090612
2024-09-16 00:00:00+00:00,-0.027667984881140542,0.00828161973879933,0.009608475360769649
2024-09-17 00:00:00+00:00,-0.014618009781042884,-0.0014690654560289853,-0.0011239868014386546
2024-09-18 00:00:00+00:00,0.015666121864339622,0.004297306006085555,0.0014365729221683752
2024-09-19 00:00:00+00:00,0.021522545874706856,-0.006038942257084356,0.00619843950586336
2024-09-20 00:00:00+00:00,0.023004190425835992,0.008341324100843338,0.015673912804292953
2024-09-21 00:00:00+00:00,0.017611504729464652,-0.010975699425351005,-0.00803131393856655
2024-09-22 00:00:00+00:00,0.013178185154578515,-0.004803098038109958,0.007371242663303279
2024-09-23 00:00:00+00:00,-0.00958872334070328,0.00013725492318642743,0.00023210075603530175
2024-09-24 00:00:00+00:00,0.014684110560829293,-0.0014990250697169492,-0.003127644774445826
2024-09-25 00:00:00+00:00,0.01931033150700822,0.005086339233223747,-0.012228806618389147
2024-09-26 00:00:00+00:00,-0.012753140136924974,0.00010734155424299625,-0.0032359023197468867
2024-09-27 00:00:00+00:00,0.0312158966266906,0.008297438486165383,-0.0006405754394819291
2024-09-28 00:00:00+00:00,0.022742994604977855,-0.006882907390748584,-0.0015967197488099398
2024-09-29 00:00:00+00:00,-0.00938250166563932,-0.005874818430527994,-0.0007593241105929466
2024-09-30 00:00:00+00:00,-0.006892341439974473,-0.009842113314158114,0.006292675760194933
2024-10-01 00:00:00+00:00,-0.04234336437089816,0.003761919337313912,0.007560220950754747
2024-10-02 00:00:00+00:00,-0.05509879978048748,0.0005089506914770166,0.004168425380062189
2024-10-03 00:00:00+00:00,-0.02183252941810471,-0.010476355519311654,0.010558248703711698
2024-10-04 00:00:00+00:00,0.0031385973852964193,-0.00876350488699734,0.004447813007675906
2024-10-05 00:00:00+00:00,0.023503889096877596,0.00802134189867184,0.006499130295226994
2024-10-06 00:00:00+00:00,-0.0033889128604254414,-0.0016917192840583564,-0.0036487243971823884
2024-10-07 00:00:00+00:00,0.016457977566573204,0.0020588436604786478,0.0025012391534309205
2024-10-08 00:00:00+00:00,-0.008919218184160794,0.0024885042010514774,0.007903489461030993
2024-10-09 00:00:00+00:00,-0.00230400926898308,-0.006738888767020475,0.01080270638176052
2024-10-10 00:00:00+00:00,-0.015355803805520736,0.0009062614527149807,-0.003127595345502145
2024-10-11 00:00:00+00:00,0.009907716177232665,0.007761700263181205,-0.011722723660673168
2024-10-12 00:00:00+00:00,0.01998760999620536,0.001890608632345163,0.0034674197058155516
2024-10-13 00:00:00+00:00,0.016241002291966167,-0.00013971500595592472,0.002334416347538489
2024-10-14 00:00:00+00:00,-0.01260245078251098,0.0010180687365370855,0.002124576159122939
2024-10-15 00:00:00+00:00,0.05057239655174869,-0.01987079060198107,0.0004931365702302063
2024-10-16 00:00:00+00:00,-0.009846326956405289,-0.006434904712459144,-0.0012119050703838462
2024-10-17 00:00:00+00:00,-0.007357248010508477,0.003863450658244161,0.012609320982667038
2024-10-18 00:00:00+00:00,-0.009883556383766857,0.0064976779407394936,-0.004296942602217134
2024-10-19 00:00:00+00:00,0.019484795543867537,-0.008956488883728355,-0.0034986041337687814
2024-10-20 00:00:00+00:00,0.0006496465225871217,-0.0007159493775408116,-0.0008628513276263516
2024-10-21 00:00:00+00:00,0.026987767939319295,-0.008144366070139615,-0.0035355192518277817
2024-10-22 00:00:00+00:00,-0.0271799353613359,0.0008541812550737703,0.0015397851574611842
2024-10-23 00:00:00+00:00,-0.005019435146897348,0.002378741685227441,-0.001786194018391285
2024-10-24 00:00:00+00:00,-0.0250401193203685,0.0020947422250022865,0.003623772415458811
2024-10-25 00:00:00+00:00,0.011575846165490714,0.014183782994078025,0.006901867683332868
2024-10-26 00:00:00+00:00,-0.049885488957822535,0.0018587526623856387,-0.0031815837430903497
2024-10-27 00:00:00+00:00,0.01141566071484219,-0.006955418016367975,0.0011664505839471394
2024-10-28 00:00:00+00:00,0.015105827916975774,-0.0035913086785062344,0.006802194662398678
2024-10-29 00:00:00+00:00,0.016175160960482333,0.007029409455567911,0.0030110755361830006
2024-10-30 00:00:00+00:00,0.03003145414604646,0.0046444557157963645,-0.006411740148960998
2024-10-31 00:00:00+00:00,-0.0005503319362371917,0.002780533224173033,-0.010534814344627916
2024-11-01 00:00:00+00:00,-0.04270977437122496,-0.00632012300716228,0.002974930999050763
2024-11-02 00:00:00+00:00,-0.005321521274561314,-0.002193285371692566,-0.00520069944110735
2024-11-03 00:00:00+00:00,-0.008389255326362055,0.00031575744859852373,0.0034983229927251502
2024-11-04 00:00:00+00:00,-0.021887922848642122,-0.009958188399140555,0.008463534833138168
2024-11-05 00:00:00+00:00,-0.025021664459344995,-0.0045363546124626035,-0.0020980251585080924
2024-11-06 00:00:00+00:00,0.03082363033088973,-0.010046428733410521,0.0046205314380770215
2024-11-07 00:00:00+00:00,0.11564670797260494,-0.02917537603156018,-0.02980319970238952
2024-11-08 00:00:00+00:00,0.027863537658962354,0.006320786467310556,0.005064921086512942
2024-11-09 00:00:00+00:00,0.01881523491449225,-0.01063848576523325,0.005075341900401929
2024-11-10 00:00:00+00:00,0.041497421283810544,-0.011203878772579725,0.007787159761432342
2024-11-11 00:00:00+00:00,0.04459481425249119,-0.02163867325979957,0.004753259800782297
2024-11-12 00:00:00+00:00,0.06015853910369669,-0.018257070474652626,0.007916804377324838
2024-11-13 00:00:00+00:00,-0.02996206037068243,-0.00915428726102578,-0.013286253439928822
2024-11-14 00:00:00+00:00,-0.020331799832068172,0.006974253473719514,-0.00651458453443978
2024-11-15 00:00:00+00:00,-0.021713326349933556,0.007545863890934923,-0.03340423262534425
2024-11-16 00:00:00+00:00,0.06565629701150254,0.030804151732890372,-0.01441318630702731
2024-11-17 00:00:00+00:00,0.07948145494207738,0.005359803641169856,-0.03577945026739509
2024-11-18 00:00:00+00:00,-0.04147680662668029,-0.018297574469737662,0.011408832889459736
2024-11-19 00:00:00+00:00,0.05595662292341408,0.013382327257658469,0.010355427840395308
2024-11-20 00:00:00+00:00,-0.01762891015465884,0.00224653803403928,-0.0020649046072872164
2024-11-21 00:00:00+00:00,-0.009057353525628361,0.022470980742359422,-0.0041083035155014365
2024-11-22 00:00:00+00:00,0.06575914122601659,0.004304012894620332,-0.005557140662056851
2024-11-23 00:00:00+00:00,0.09574363355039567,0.056894221048304355,-0.002990307902715994
2024-11-24 00:00:00+00:00,0.08280408127025639,0.0517735861795953,0.05867591768093193
2024-11-25 00:00:00+00:00,0.004521120674497007,0.005838209145693349,0.0134222220545846
2024-11-26 00:00:00+00:00,-0.026822663291841797,-0.011686311858525271,-0.003342677162811851
2024-11-27 00:00:00+00:00,-0.014049482158750999,0.003863694335177416,0.0008970310007704317
2024-11-28 00:00:00+00:00,0.08537747934495968,-0.03204722780908478,-0.030528344629177116
2024-11-29 00:00:00+00:00,-0.007586670208637829,0.015753025025724697,0.021344303868425354
2024-11-30 00:00:00+00:00,0.039491643352843844,0.011361652324834413,0.00037707833802599975
2024-12-01 00:00:00+00:00,0.02317946120071372,-0.0008989661305216854,-0.03071960535775307
2024-12-02 00:00:00+00:00,0.03604407727461111,0.02189346116402715,-0.022045559098491877
2024-12-03 00:00:00+00:00,0.07444987653241902,0.012608819218996526,-0.04352137658869586
2024-12-04 00:00:00+00:00,0.005848040356321212,-0.04547532838062279,-0.01654284134678328
2024-12-05 00:00:00+00:00,0.020017566427087668,-0.022132064362541677,-0.0229331344896105
2024-12-06 00:00:00+00:00,-0.027715629057674145,0.0014937964044913117,0.0036123797167569374
2024-12-07 00:00:00+00:00,0.05619395804675068,-0.007029254319563304,-0.016814003633041936
2024-12-08 00:00:00+00:00,-0.0030497334453897535,0.0068863666039925865,0.007323353457337917
2024-12-09 00:00:00+00:00,0.007274376829440491,-0.0006755493414636483,-0.0017615150017962653
2024-12-10 00:00:00+00:00,-0.14240497945610336,0.00756588121962726,0.005614710717005289
2024-12-11 00:00:00+00:00,-0.00400995118840719,0.02488331559669158,-0.012151595656206228
2024-12-12 00:00:00+00:00,0.06393486392809553,-0.02296580977647394,0.004463805093262521
2024-12-13 00:00:00+00:00,0.026825208802346276,0.015002374808126762,-0.0026288577124676644
2024-12-14 00:00:00+00:00,0.006162996940508947,-0.006255450176356832,-0.0019455169518092317
2024-12-15 00:00:00+00:00,-0.027366686300820724,0.0038834864382431035,0.00219698382261777
2024-12-16 00:00:00+00:00,0.022883535317570303,-0.011386683748982841,-9.845045907751745e-05
2024-12-17 00:00:00+00:00,-0.012615780572743217,0.0033635189181920383,0.014330300605562807
2024-12-18 00:00:00+00:00,-0.009542620221293248,-0.004304662849402889,0.004826949592152581
2024-12-19 00:00:00+00:00,-0.08963797520183565,-0.012288272651530796,-0.0017537095999494443
2024-12-20 00:00:00+00:00,-0.07072040320036015,0.0030826885452645836,0.011989403480585113
2024-12-21 00:00:00+00:00,0.026663417922804983,-0.009539580566611465,-0.006127866310030736
2024-12-22 00:00:00+00:00,-0.03809327278940333,-0.002492281309246099,-0.00025448264792665026
2024-12-23 00:00:00+00:00,-0.002658344758483337,0.01640911868103851,0.002749552791373394
2024-12-24 00:00:00+00:00,0.07047301617810359,0.030094702183998276,0.013390793675108762
2024-12-25 00:00:00+00:00,0.0295718726442903,-0.008697461146261411,-0.0022010748691488114
2024-12-26 00:00:00+00:00,-0.012926913249422568,0.005014670655910186,-0.000873460477993042
2024-12-27 00:00:00+00:00,-0.058131055303486584,-0.0054436883886895045,0.0029117267376962985
2024-12-28 00:00:00+00:00,-0.011132362052463884,-0.010764866744741045,0.010276407266608048
2024-12-29 00:00:00+00:00,0.03335239441960563,0.013118356532045905,-0.009458721973772378
2024-12-30 00:00:00+00:00,-0.03842192408626603,-0.009390524776469318,0.0026563414634915264
2024-12-31 00:00:00+00:00,-0.006851215758745818,-0.004474248826088011,0.004180560032924246
2025-01-01 00:00:00+00:00,-0.005868885315790528,-0.0014020260443518592,0.01018241924235273
2025-01-02 00:00:00+00:00,0.06125922451252796,-0.027376569804428142,-0.007627182588432835
2025-01-03 00:00:00+00:00,0.028975080149208556,-0.004333206704838735,-0.0013354304674438287
2025-01-04 00:00:00+00:00,0.05461466616842299,-0.01343815609491149,-0.01236641941053731
2025-01-05 00:00:00+00:00,-0.003532736673887767,-0.004229043559295319,-0.002296262176941396
2025-01-06 00:00:00+00:00,-0.00021504572491962322,-0.00606941578810139,-0.007625612976984682
2025-01-07 00:00:00+00:00,0.008903917034580955,-0.0005325356741641356,0.012281517123308772
2025-01-08 00:00:00+00:00,-0.08571642060859866,0.011404435478941119,0.0025929983305829607
2025-01-09 00:00:00+00:00,-0.021538420277768474,0.008327782038320929,0.0002297761896296801
2025-01-10 00:00:00+00:00,-0.03373709129326236,-0.009532934761026287,-0.0015055072888925855
2025-01-11 00:00:00+00:00,0.028448426473029424,0.00473259864318313,2.3942733303721343e-05
2025-01-12 00:00:00+00:00,0.017675260391247456,0.014111301754912453,-0.008206549244086347
2025-01-13 00:00:00+00:00,-0.018182741944643976,-0.008925860714774875,-0.0007826318239921354
2025-01-14 00:00:00+00:00,-0.02265207487977065,0.00987430035427319,-0.01347868698971827
2025-01-15 00:00:00+00:00,0.03630723763937214,0.0029335586546933717,-0.007303879807598331
2025-01-16 00:00:00+00:00,0.09101090423284784,0.007977714512584664,-0.004945220372088755
2025-01-17 00:00:00+00:00,-0.0007666342419919111,0.010581593185298185,0.0009362170968064298
2025-01-18 00:00:00+00:00,0.05332176053878675,-0.023727391246583754,-0.008088750867854905
2025-01-19 00:00:00+00:00,-0.043358110302142386,0.011141491249691415,0.014545438950192344
2025-01-20 00:00:00+00:00,-0.06782965030771028,-0.009645420839034583,-0.0014731167309061312
2025-01-21 00:00:00+00:00,0.029171645366504052,-0.010205175790413929,0.007813923448503568
2025-01-22 00:00:00+00:00,0.024495325358653442,-0.005256543971204297,0.0038245514348670137
2025-01-23 00:00:00+00:00,-0.027637393097100095,-0.0034703009739645383,0.007782925059434581
2025-01-24 00:00:00+00:00,-0.0019207059522158509,-0.0005888632248848796,-0.010914015288888934
2025-01-25 00:00:00+00:00,-0.005539367286468814,0.001565051016965031,0.00037883902978921597
2025-01-26 00:00:00+00:00,0.0022351525834091684,-0.0031420944316793214,0.0005998647583167603
2025-01-27 00:00:00+00:00,-0.028992168561305022,-0.00317745916362439,-0.0008928139173944973
2025-01-28 00:00:00+00:00,-0.015251661500309795,0.013881156157501962,0.013941440707660891
2025-01-29 00:00:00+00:00,-0.04328325028268389,0.006520623749021467,-0.003172286334294105
2025-01-30 00:00:00+00:00,0.021873910570032327,0.0030027968712708656,-0.008221406769831182
2025-01-31 00:00:00+00:00,0.05575689941539301,-0.011148888031265805,0.01449588209363126
2025-02-01 00:00:00+00:00,-0.00014257058286657465,-0.00923729538417702,0.004520128108483573
2025-02-02 00:00:00+00:00,-0.06689573032023659,0.0008792753903435312,0.0044881728855794105
2025-02-03 00:00:00+00:00,-0.10946884355934869,0.019905137176650524,-0.006190943038213702
2025-02-04 00:00:00+00:00,0.02605651798664514,0.005039908584822266,-0.002293746999808237
2025-02-05 00:00:00+00:00,-0.06219181375547669,0.0020297558842296754,0.0005233222322156404
2025-02-06 00:00:00+00:00,-0.01627595187959079,-0.005928929073881005,0.0021765612539294318
2025-02-07 00:00:00+00:00,-0.029632820151690782,0.012210792569219496,0.0018721028596835256
2025-02-08 00:00:00+00:00,0.005753620321098755,-0.005057249249175652,0.0002226488575935523
2025-02-09 00:00:00+00:00,0.017807271191971837,-0.0007330759878859916,0.00227828633271184
2025-02-10 00:00:00+00:00,-0.0007194351221659382,0.002924460589887536,-0.01018345860037788
2025-02-11 00:00:00+00:00,0.03177148476824872,0.015707110764152318,-0.004707017084105478
2025-02-12 00:00:00+00:00,-0.0017777652788180849,-0.009236657503570923,0.022081090564045565
2025-02-13 00:00:00+00:00,0.0426266591558713,0.009257347947519066,0.0005096421325542997
2025-02-14 00:00:00+00:00,-0.0119189629010061,-0.0017098264005363279,-0.009581757520887668
2025-02-15 00:00:00+00:00,0.01728800493364949,-0.014861266879255076,-0.0062414095969173765
2025-02-16 00:00:00+00:00,-0.009036749107619358,0.025076853949038174,-0.0020695664497433525
2025-02-17 00:00:00+00:00,-0.012807109506903728,-0.0031700028445864306,0.008876475670828185
2025-02-18 00:00:00+00:00,0.007535631352314261,-0.014131022357156194,-0.0004004097132707898
2025-02-19 00:00:00+00:00,-0.031241162470847777,0.018923444319951202,-0.014311698611879803
2025-02-20 00:00:00+00:00,0.022739057163043,0.0016896932045673836,-0.004296845525338542
2025-02-21 00:00:00+00:00,0.017337895336939767,-0.01187902937943954,0.014499028756753948
2025-02-22 00:00:00+00:00,-0.038978013790360165,0.001073655413090473,-0.0021833162194140974
2025-02-23 00:00:00+00:00,0.018160788924991875,-0.00604080314354417,0.0063016260207758865
2025-02-24 00:00:00+00:00,-0.0005419199107472202,0.008706017191141814,0.004596606105253539
2025-02-25 00:00:00+00:00,-0.10599452180084104,-0.0026274621637294173,0.004898033838590364
2025-02-26 00:00:00+00:00,0.007427599160918389,-0.013172971273088084,0.0021301132130309907
2025-02-27 00:00:00+00:00,-0.014635017253710185,0.012311466749640534,0.02681047873543565
2025-02-28 00:00:00+00:00,0.004583737316246765,0.008730142842405988,0.003281060069507271
2025-03-01 00:00:00+00:00,-0.016700326684814883,0.01074239246034871,0.013668878866760591
2025-03-02 00:00:00+00:00,0.007323848112453361,-0.0027810702609606525,0.010943666624766353
2025-03-03 00:00:00+00:00,0.16377745946329708,-0.026483818849812008,-0.027486874641676873
2025-03-04 00:00:00+00:00,-0.14794607505274548,-0.009909078750862353,0.008561128344971336
2025-03-05 00:00:00+00:00,0.01623271859576862,0.0029487901320752897,-0.01067453695168546
2025-03-06 00:00:00+00:00,0.04214059125935609,-0.021015412448266532,-0.003850145739223082
2025-03-07 00:00:00+00:00,-0.01435531004552315,0.0014986570168699649,-0.0036594634861946695
2025-03-08 00:00:00+00:00,-0.02832319821310257,-0.003722117384597,-0.012332871101944568
2025-03-09 00:00:00+00:00,-0.005214637910747736,0.005101312588123227,-0.00440504383083106
2025-03-10 00:00:00+00:00,-0.0824089022396601,-0.008005192280796642,0.02259047831251671
2025-03-11 00:00:00+00:00,-0.055455141368267485,0.0010919849476713737,0.022587038255351948
2025-03-12 00:00:00+00:00,0.039723542072792765,0.00022841571076396845,-0.0015908967245059872
2025-03-13 00:00:00+00:00,0.013647183229172903,3.136142539791184e-05,0.003138359834470844
2025-03-14 00:00:00+00:00,-0.017176041934700282,-0.0005970421892891212,0.014752752923209614
2025-03-15 00:00:00+00:00,0.031203009256060364,-0.0052946079107171464,-0.008668441025868792
2025-03-16 00:00:00+00:00,0.020190601696743374,0.0022703426516357374,-0.003988755712446186
2025-03-17 00:00:00+00:00,-0.03630797595026549,-8.039654625450197e-05,-0.0029146837559146693
2025-03-18 00:00:00+00:00,0.03276440111976743,-0.00770564551997192,-0.005129521145983347
2025-03-19 00:00:00+00:00,-7.387775497100791e-05,-0.010004398651472835,0.01079979715600672
2025-03-20 00:00:00+00:00,0.04428127293562418,-0.008564086607404382,-0.00792641650400764
2025-03-21 00:00:00+00:00,-0.024866316341459402,0.0017699208764815056,0.005782547455964112
2025-03-22 00:00:00+00:00,-0.010950964206273431,-0.0015736189866869161,0.0005797083637292043
2025-03-23 00:00:00+00:00,0.0034761307489973746,-0.006875794928493634,-0.007137765455526093
2025-03-24 00:00:00+00:00,0.011582128181286462,-0.004820385525852596,0.001553597056001332
2025-03-25 00:00:00+00:00,0.028881193443044812,-0.006059779289653152,-0.004497268632225598
2025-03-26 00:00:00+00:00,0.007041935141275239,-0.002647783446651313,-0.004391656231809148
2025-03-27 00:00:00+00:00,-0.011576001648749256,0.014534858624477927,0.01604478066434229
2025-03-28 00:00:00+00:00,0.008709032505149206,0.005121775547281926,0.008168624608226588
2025-03-29 00:00:00+00:00,-0.0569790541471237,-0.015940063037248254,-0.00031930544751709676
2025-03-30 00:00:00+00:00,-0.03124632269399726,-0.00387005323349695,0.004527788110416118
2025-03-31 00:00:00+00:00,-0.010411351942219198,-0.003980279931832862,-0.0030830049839118924
2025-04-01 00:00:00+00:00,0.0029716685167570384,0.010311122240813748,0.004493594291493772
2025-04-02 00:00:00+00:00,0.030992904163198814,0.008391608392089512,0.0005101280985628876
2025-04-03 00:00:00+00:00,-0.041718892804812634,0.012758592404030484,0.018042588689859314
2025-04-04 00:00:00+00:00,0.020750186678323512,0.012823086087262956,0.0044125462780659425
2025-04-05 00:00:00+00:00,-0.0017989641950066026,-0.01777556581195272,-0.0013292144978431604
2025-04-06 00:00:00+00:00,-0.010374851625591737,-0.008042559486846398,-0.0005630456209883787
2025-04-07 00:00:00+00:00,-0.10114896567564995,0.002755418649083445,0.03164336251888884
2025-04-08 00:00:00+00:00,0.014672268641426811,0.0164140937301475,0.006738725119315442
2025-04-09 00:00:00+00:00,-0.04011285800403589,-0.001957128307411496,0.016563990687170183
2025-04-10 00:00:00+00:00,0.10750053384673822,-0.004667168846169796,0.005385101369167406
2025-04-11 00:00:00+00:00,-0.038131868788987874,0.008255425508652528,0.027261265090346105
2025-04-12 00:00:00+00:00,0.03787229994526366,0.006204702784770091,0.00015235226302726378
2025-04-13 00:00:00+00:00,0.054158077109499186,0.005407592883322489,0.011248811429278267
2025-04-14 00:00:00+00:00,-0.030413165535606853,-0.006312759021794916,-0.013870897171526222
2025-04-15 00:00:00+00:00,-0.002085979057772732,-0.007035480838895682,-0.005897598954304042
2025-04-16 00:00:00+00:00,-0.025929832485200793,0.00636391788052151,9.506036120470994e-05
2025-04-17 00:00:00+00:00,0.005241408050974698,0.011083052270055495,-0.004710939656871077
2025-04-18 00:00:00+00:00,0.010976862245963163,-0.0005556751948255484,0.007243226394338691
2025-04-19 00:00:00+00:00,0.001437583184991076,-0.009566877303287608,-0.004415349439189532
2025-04-20 00:00:00+00:00,0.022717770008276527,-0.0065023576845018045,-0.008267427086319662
2025-04-21 00:00:00+00:00,0.00036340304785226576,0.00023988632552528004,-0.0036838525896763226
2025-04-22 00:00:00+00:00,0.0003213876213708019,0.00166260462121658,0.004992430509905488
2025-04-23 00:00:00+00:00,0.07441498739737554,0.007207654393209138,0.006984573609781511
2025-04-24 00:00:00+00:00,0.011199162290060941,-0.02064249349588525,-0.0029351326282649644
2025-04-25 00:00:00+00:00,0.008547573581527638,0.0004365169245777219,-0.0009404079579012128
2025-04-26 00:00:00+00:00,0.0006668416374519426,-0.000165139361287162,-0.00046480433449620155
2025-04-27 00:00:00+00:00,0.004244994928501936,-0.013594372759977075,-0.00013681246404490763
2025-04-28 00:00:00+00:00,-0.020479531064274914,-0.008719666696873615,0.0028633540812288884
2025-04-29 00:00:00+00:00,0.015680711803573652,-0.005175407434682853,0.0025396255816379615
2025-04-30 00:00:00+00:00,-0.011382842383400482,0.0025740545158873715,8.767891754023122e-05
2025-05-01 00:00:00+00:00,-0.002164876911754206,0.003361302986679636,0.006026901664040765
2025-05-02 00:00:00+00:00,0.023165345629226643,7.809781142856908e-05,-0.00798104948823507
2025-05-03 00:00:00+00:00,0.0062324149259525745,0.00722778078014538,-2.1355345722676847e-05
2025-05-04 00:00:00+00:00,-0.0182824127516938,-0.00426644182290082,-0.006790047725952788
2025-05-05 00:00:00+00:00,-0.021253167169881217,0.002632527876169948,-0.002604625333996278
2025-05-06 00:00:00+00:00,-0.0007483271925053048,0.005763131168042993,0.0012805366566330614
2025-05-07 00:00:00+00:00,0.014595014703099977,-0.0034289973314207563,0.013858634249184095
2025-05-08 00:00:00+00:00,0.006721606072907356,0.015142595647618998,-0.017435320181815997
2025-05-09 00:00:00+00:00,0.11283236812189788,-0.002310371165083412,-0.011407213120174212
2025-05-10 00:00:00+00:00,0.025565866655121314,-0.0024287722428365847,-0.005391750633033887
2025-05-11 00:00:00+00:00,0.06568952299862216,0.01222886306553526,-0.009369306900708408
2025-05-12 00:00:00+00:00,-0.030702172322802073,-0.00011366266645557082,-0.0018003069550754692
2025-05-13 00:00:00+00:00,0.002819271051649837,-0.022004526851258904,0.007065772387419926
2025-05-14 00:00:00+00:00,0.021702319900718397,0.007164100997988277,0.007988331097068653
2025-05-15 00:00:00+00:00,-0.029913059732438466,-0.008671427360132473,0.009089226783607877
2025-05-16 00:00:00+00:00,-0.02989655945816822,0.0020654548106294386,0.010341070124089404
2025-05-17 00:00:00+00:00,0.0009374453847778981,0.016040886642162893,-0.0043120371941657845
2025-05-18 00:00:00+00:00,-0.023809901004670155,-0.00355597326754404,0.0011598054796282378
2025-05-19 00:00:00+00:00,0.02956691350384161,-0.000623927197782017,0.003150295832132031
2025-05-20 00:00:00+00:00,-0.015007696318094938,0.008801777394265698,-0.0010656323422910505
2025-05-21 00:00:00+00:00,0.008277310490919813,-0.0016151323594994196,-0.001505759265852917
2025-05-22 00:00:00+00:00,0.01971188812932534,-0.011546790527456288,0.012458859086492902
2025-05-23 00:00:00+00:00,0.047109194150442915,-0.015733547600446107,0.016543438308106465
2025-05-24 00:00:00+00:00,-0.05480096486487447,0.013069752954972032,0.011873871410804038
2025-05-25 00:00:00+00:00,0.0019556463733380863,0.006476263920465684,-0.0005623402375069809
2025-05-26 00:00:00+00:00,0.007174297284590692,0.0015476068587521538,0.0009777376171443601
2025-05-27 00:00:00+00:00,-0.0003555663721198939,0.003941268654513452,-0.00823062981715254
2025-05-28 00:00:00+00:00,0.01016723507041791,-0.005965030236539876,0.005765682530311524
2025-05-29 00:00:00+00:00,0.0020602987102324778,0.007695831802431094,-0.0019382153158981506
2025-05-30 00:00:00+00:00,-0.031613745806124166,-0.005103118012602477,-0.007168796589457661
2025-05-31 00:00:00+00:00,-0.05199588082468278,0.012041120780088507,0.009604669689749443
2025-06-01 00:00:00+00:00,0.006390810694312976,-0.006928207308730609,0.006375179299371093
2025-06-02 00:00:00+00:00,0.005822940440842536,0.0010734616219010612,-0.003836930637365004
2025-06-03 00:00:00+00:00,0.013415282256082113,0.0037884564542982695,-0.004153669628298606
2025-06-04 00:00:00+00:00,0.00307085767688237,0.003901350783594344,-0.005528325550622501
2025-06-05 00:00:00+00:00,-0.020136574888492343,0.011553585517364878,-0.003919381223289984
2025-06-06 00:00:00+00:00,-0.05147662488144026,0.00035730208076415447,0.004077807216025569
2025-06-07 00:00:00+00:00,0.02830541525628601,-0.0022874309497686253,0.003407656023639588
2025-06-08 00:00:00+00:00,0.02902811301484706,0.0033501219686859337,0.0017745454601875345
2025-06-09 00:00:00+00:00,-0.0012634490765789672,-0.0013920528741690448,0.0013865645453811626
2025-06-10 00:00:00+00:00,0.049584639822425974,0.011507984010510432,-0.008769045774396255
2025-06-11 00:00:00+00:00,0.050589790279638835,0.026687267363335758,-0.013422021303389733
2025-06-12 00:00:00+00:00,-0.029985363760839445,-0.004298552882715621,-0.007993867729069718
2025-06-13 00:00:00+00:00,-0.048204372300594454,0.009561440301343567,0.0016489965837492427
2025-06-14 00:00:00+00:00,-0.0076988064956189746,0.016763759902894523,0.00873759035171445
2025-06-15 00:00:00+00:00,-0.023305722553327392,-0.006673598351865753,-0.0004567405627863782
2025-06-16 00:00:00+00:00,0.009824251965389608,0.0038663146012531103,0.010957136031578881
2025-06-17 00:00:00+00:00,0.010076789727489361,0.0014474653276187008,-0.0018439418010722309
2025-06-18 00:00:00+00:00,-0.023376956992488193,0.010064083894328656,-0.003685732668730743
2025-06-19 00:00:00+00:00,-0.0005825931532436934,0.0007477845266994497,-0.0029652969130245233
2025-06-20 00:00:00+00:00,0.0009846860912595605,0.015080450331851264,-0.00930355678139848
2025-06-21 00:00:00+00:00,-0.03369232434061545,-0.004837751377039868,0.005714650285756927
2025-06-22 00:00:00+00:00,-0.03221791669459703,-0.00436529775282039,0.0015304134854749653
2025-06-23 00:00:00+00:00,-0.02768595953912385,-0.00028690587620617994,0.001954302389436905
2025-06-24 00:00:00+00:00,0.07217344517180459,-0.006616859639928058,-0.014836922790772318
2025-06-25 00:00:00+00:00,0.01127156249361907,0.004032671648052356,-0.003918503539848797
2025-06-26 00:00:00+00:00,-0.013430094353763381,0.0210627868794398,0.0025308181220505834
2025-06-27 00:00:00+00:00,-0.015213675108857568,0.002766382697332482,0.003266191080389532
2025-06-28 00:00:00+00:00,0.013470500596109814,0.0038415436668955603,0.0036119215666800112
2025-06-29 00:00:00+00:00,0.011532343462252292,-0.005897333361657424,-0.00893132099244169
2025-06-30 00:00:00+00:00,0.028695141438531142,-0.00024158516456971452,0.007213147948039522
2025-07-01 00:00:00+00:00,-0.015430608395228607,0.004624998968093985,-0.002445710187444714
2025-07-02 00:00:00+00:00,-0.03480782612954289,0.001988779236637194,0.0007212115809013507
2025-07-03 00:00:00+00:00,0.056302171880001965,-0.0063013076333677896,0.0037270998934530804
2025-07-04 00:00:00+00:00,0.0074949360055962385,-0.0021921259668839224,-0.00452902751964699
2025-07-05 00:00:00+00:00,-0.03652387783369279,0.0028320012112763165,-0.0006998250095119397
2025-07-06 00:00:00+00:00,0.007387724371838308,-0.0016891113712558686,-0.0008916783002047801
2025-07-07 00:00:00+00:00,0.015802707721274612,0.0019420964711711769,-0.00349109572761524
2025-07-08 00:00:00+00:00,-0.004535154676976516,-0.0005939618125893093,0.005259977279825095
2025-07-09 00:00:00+00:00,0.018638882191035357,0.0019373533643259838,-0.006836643763055476
2025-07-10 00:00:00+00:00,0.04258320130093122,-0.008926447195899235,0.0024640354165767937
2025-07-11 00:00:00+00:00,0.04928456806793199,-0.015946617371805815,0.005524689647827645
2025-07-12 00:00:00+00:00,0.014975541642877888,-0.009757492892298181,0.011157962865628087
2025-07-13 00:00:00+00:00,-0.00918707768579982,0.005533360717826893,-0.005444904800611067
2025-07-14 00:00:00+00:00,0.03363638891276615,0.009356923817616656,0.018677169734982815
2025-07-15 00:00:00+00:00,0.015827510072504915,-0.0018313451679181861,-0.00717722921125198
2025-07-16 00:00:00+00:00,0.01867369128303804,0.0025136569931223083,-0.006576573021973592
2025-07-17 00:00:00+00:00,0.027209008694920357,0.015903638823025507,0.027248934687575426
2025-07-18 00:00:00+00:00,0.04588214233930772,0.02573452216349159,-0.002883144337628888
2025-07-19 00:00:00+00:00,0.0034399790223018276,-0.01474814585566336,0.026343455373432495
2025-07-20 00:00:00+00:00,0.017886518764961265,-0.014885757557991878,-0.008092899260076804
2025-07-21 00:00:00+00:00,0.02586976096604831,-0.010843280206889211,0.010766885471898305
2025-07-22 00:00:00+00:00,0.005702510411827862,0.00976248206010497,-0.0016195953630681822
2025-07-23 00:00:00+00:00,0.009990235186311465,0.0008941174369849948,-0.003758759669541172
2025-07-24 00:00:00+00:00,-0.0626733164473969,-0.0036565110217392856,-0.004355129473532244
2025-07-25 00:00:00+00:00,-0.006230415284128924,0.006151601495995694,-0.006670175690619558
2025-07-26 00:00:00+00:00,0.024663101365567493,-0.008139075853907368,0.019910902625341866
2025-07-27 00:00:00+00:00,0.011976050427331571,0.003362924121614112,0.004231328980685403
2025-07-28 00:00:00+00:00,0.025268580112773546,-0.020175388606467937,0.011706791356679333
2025-07-29 00:00:00+00:00,-0.040230451836143696,0.009076238966923491,0.002201088008692896
2025-07-30 00:00:00+00:00,-0.012245435267188886,0.004718913779285704,0.0013276739716683204
2025-07-31 00:00:00+00:00,-0.0081408089360323,0.0009218616512009729,-0.012910142513407458
2025-08-01 00:00:00+00:00,-0.03648787074229488,0.003546288328948594,0.011903624472039973
2025-08-02 00:00:00+00:00,-0.033478420603812634,-0.003725160009557458,0.0018933916577005068
2025-08-03 00:00:00+00:00,-0.024434489440689457,-0.004254734127282348,-0.006233385323974078
2025-08-04 00:00:00+00:00,0.03965123437739222,-0.0012011396969536842,-0.0014136558583533346
2025-08-05 00:00:00+00:00,0.04630727187862541,0.012981509234898034,-0.0013219567035712128
2025-08-06 00:00:00+00:00,-0.030437262853822703,0.0011271728889148598,-0.003395450065301775
2025-08-07 00:00:00+00:00,0.015468387729896471,-0.00010687434018691567,0.0029733889240150728
2025-08-08 00:00:00+00:00,0.05561206308026246,-0.009036771910621433,0.011317984269817368
2025-08-09 00:00:00+00:00,0.016414581320102064,0.004118242674248437,0.0012487607557685992
2025-08-10 00:00:00+00:00,0.01689912989335299,0.001617780004512664,0.004803465480907163
2025-08-11 00:00:00+00:00,0.0004330050538874364,0.00616936153064088,0.007111841347932381
2025-08-12 00:00:00+00:00,-0.02168978700491467,0.007745912734654921,0.00880667492121996
2025-08-13 00:00:00+00:00,0.06599280412372825,0.015644308371190817,-0.0018952305861512871
2025-08-14 00:00:00+00:00,0.027178374185871088,-0.002257875991516284,-0.0027243190513670432
2025-08-15 00:00:00+00:00,-0.058903424357912695,-0.0014787528838936868,0.025316712076773645
2025-08-16 00:00:00+00:00,-0.013105602151104715,-0.001575450273657405,0.010366148972371307
2025-08-17 00:00:00+00:00,0.004726825196798612,-0.005561540608494482,-0.0028090668889169533
2025-08-18 00:00:00+00:00,0.019736785618325533,0.017946203558559946,-0.00567517803306054
2025-08-19 00:00:00+00:00,-0.024647757982846033,-0.0008233139853714374,0.00276274658278883
2025-08-20 00:00:00+00:00,-0.04963936268872394,-0.004819392051105667,0.003387064683327004
2025-08-21 00:00:00+00:00,0.049994009249553585,0.010923394506298329,-0.004386168260983508
2025-08-22 00:00:00+00:00,-0.025030169617982226,-0.001415321249600335,6.079891219183141e-05
2025-08-23 00:00:00+00:00,0.09068988061849484,0.008798658777507731,0.007489681223785335
2025-08-24 00:00:00+00:00,-0.007438620777104954,0.008528702242796503,-0.002409148020101446
2025-08-25 00:00:00+00:00,-0.014126688328955021,-0.0027631914856165824,-0.0036235068350862877
2025-08-26 00:00:00+00:00,-0.07840918952048129,0.0008018934666134357,0.014379252585182
2025-08-27 00:00:00+00:00,0.0353005182210271,0.0037559184884775965,-0.0013168669865311167
2025-08-28 00:00:00+00:00,-0.014624716130909899,-0.004822082742358214,-0.0006851189494476923
2025-08-29 00:00:00+00:00,0.013074267301341062,0.002663160854005625,0.00444286761650222
2025-08-30 00:00:00+00:00,-0.03921080277473513,0.010012641234139759,-0.001243904907237521
2025-08-31 00:00:00+00:00,0.006921073988012412,-0.003318662415652053,-0.0077434765439450045
2025-09-01 00:00:00+00:00,-0.012020960352260539,0.004624420623198407,0.0050491833001841515
2025-09-02 00:00:00+00:00,-0.01121579745348628,-0.007281130930131933,-0.0022657510200223504
2025-09-03 00:00:00+00:00,0.030927130778440358,-0.0007290473693071815,-0.009116707056097347
2025-09-04 00:00:00+00:00,0.013092474748542604,0.0056917867398032255,0.006115266202277808
2025-09-05 00:00:00+00:00,-0.031732550162818805,-0.00763994352348988,-0.003185987147882971
2025-09-06 00:00:00+00:00,0.009026737249101783,-0.0029951327286686343,-0.0022611551057681568
2025-09-07 00:00:00+00:00,-0.008409342912368892,0.00023250682738904551,-0.005789194770778526
2025-09-08 00:00:00+00:00,0.019330561853748072,-0.003938324632300046,0.0065408089636305915
2025-09-09 00:00:00+00:00,0.012185749157485316,-0.011050005675069956,-0.006844379586528532
2025-09-10 00:00:00+00:00,0.00038553705743312366,0.0023206985087962013,-0.001219604700681421
2025-09-11 00:00:00+00:00,0.024882852935204182,0.009580115240071862,-0.005181614478873606
2025-09-12 00:00:00+00:00,0.01872779583438425,-0.01153536893244287,0.0014815940981172042
2025-09-13 00:00:00+00:00,0.01979937811436771,-0.0030285197764977102,0.007661713630996801
2025-09-14 00:00:00+00:00,0.00470414318445224,0.013791380556838007,-0.00748934609906885
2025-09-15 00:00:00+00:00,-0.02767372303156827,0.0029705488448801614,0.010852992874914986
2025-09-16 00:00:00+00:00,-0.019267328082039303,0.0027300306239676666,0.009293486091732734
2025-09-17 00:00:00+00:00,0.011706622865930324,0.016724583072592735,-0.004271374426876376
2025-09-18 00:00:00+00:00,0.026508732787849664,0.0035874296133878974,0.0019133682932362807
2025-09-19 00:00:00+00:00,0.018269449586058664,0.004433520646531524,-0.0010090617834316753
2025-09-20 00:00:00+00:00,-0.033072233155433374,0.0004565700166700201,-8.611942664295586e-05
2025-09-21 00:00:00+00:00,0.0037354301147908423,0.003203163441100913,-0.00594129420516793
2025-09-22 00:00:00+00:00,-0.0097672453632251,0.00236724390698939,0.0013751436940677613
2025-09-23 00:00:00+00:00,-0.051804271492768936,0.007881655228257928,0.005420079960929214
2025-09-24 00:00:00+00:00,-0.009350181595979853,0.0009699703408632642,0.009734562297098166
2025-09-25 00:00:00+00:00,0.0037842138576657043,-0.003941612687629213,-0.0008570694694249416
2025-09-26 00:00:00+00:00,-0.05768997416213713,-0.013778473987598865,0.008683043770206013
2025-09-27 00:00:00+00:00,0.02737491715782072,-0.00283805201492831,0.001191897112505931
2025-09-28 00:00:00+00:00,-0.0034748313633727584,-0.0010795567607681316,0.0012975023868551554
2025-09-29 00:00:00+00:00,0.026627455251422228,0.0004922635923252792,-0.0036250959455510425
2025-09-30 00:00:00+00:00,0.004896584174229609,0.00975168909114463,0.011750666690611537
2025-10-01 00:00:00+00:00,-0.008776039488350092,-0.006190603019609292,-0.0037639329293686994
2025-10-02 00:00:00+00:00,0.04733319197034129,-0.0020378806822824763,-0.0005183126268060972
2025-10-03 00:00:00+00:00,0.024134220120222934,0.004669636929996584,0.005935079167759302
2025-10-04 00:00:00+00:00,0.008044477275689117,0.01646396735490095,0.016385055421830004
2025-10-05 00:00:00+00:00,-0.004246098326785168,0.029203617429814296,0.02361846887411631
2025-10-06 00:00:00+00:00,0.00544525468582883,0.005631379427434179,0.002836783105234105
2025-10-07 00:00:00+00:00,0.024037961915924267,-0.016668233004500578,0.001752862714544637
2025-10-08 00:00:00+00:00,-0.0546252160335775,-0.0024262836648986257,0.01668427221027632
2025-10-09 00:00:00+00:00,0.04645703610133474,0.03583490328390788,-0.034518957618162434
2025-10-10 00:00:00+00:00,-0.005479433734760312,0.03156571360154024,-0.032378490485619055
2025-10-11 00:00:00+00:00,-0.17521422531445535,0.0502405144261252,-0.023201641162523896
2025-10-12 00:00:00+00:00,0.01870103800912081,0.02713695667025703,-0.01670350330368841
2025-10-13 00:00:00+00:00,0.07049045213817823,0.0008531403630389499,-0.008448168477341549
2025-10-14 00:00:00+00:00,0.02556586141594833,-0.0212241414340384,0.002392628005876676
2025-10-15 00:00:00+00:00,-0.03368762923637806,-0.001426171737153965,-0.0015156202112488531
2025-10-16 00:00:00+00:00,-0.041136136556586635,-0.009429263014156,0.005083513528268714
2025-10-17 00:00:00+00:00,-0.04279918788064336,-0.010193649858328374,0.006516894259450231
2025-10-18 00:00:00+00:00,-0.03170529451352781,-0.0006077198592775619,0.0018197402881474775
2025-10-19 00:00:00+00:00,0.013015165034614655,-0.003424772844374817,0.0049213775254883865
2025-10-20 00:00:00+00:00,0.03321568979687436,0.014887821624949837,-0.01521818879447973
2025-10-21 00:00:00+00:00,0.028717571937725537,0.007261708572401455,-0.011264071313855751
2025-10-22 00:00:00+00:00,-0.030684211775350707,-0.01022632250743388,-0.0032649139673512264
2025-10-23 00:00:00+00:00,-0.030789187377016042,-0.013417711505620218,0.0010256944969664725
2025-10-24 00:00:00+00:00,0.021522318884907646,-0.003851823452936237,-0.00784151000957689
2025-10-25 00:00:00+00:00,0.026266245181552836,0.011489886624630867,0.013962862017463345
2025-10-26 00:00:00+00:00,0.0011768922298423486,-0.0037895472011361367,-0.000930698338689395
2025-10-27 00:00:00+00:00,0.05142786249640247,0.0035647280430289975,0.00485656438344537
2025-10-28 00:00:00+00:00,-0.009393171237980454,0.010187798756397111,0.009544499001188742
2025-10-29 00:00:00+00:00,-0.030983890059174398,-0.00036879358372802085,0.00016326815287392418
2025-10-30 00:00:00+00:00,0.007022482588627787,0.004837707025278536,0.015329400135541273
2025-10-31 00:00:00+00:00,-0.05213193264751225,0.013050977956512432,0.004180982004550404
2025-11-01 00:00:00+00:00,0.024128178062481093,0.01880513607421794,0.008146728456472897
2025-11-02 00:00:00+00:00,0.01984073838598938,-0.014868246379226492,0.0066423003789331195
2025-11-03 00:00:00+00:00,0.0060435901838383176,-0.0021623557820354897,-0.007287804370670314
2025-11-04 00:00:00+00:00,-0.06404697896270965,0.05557280960808831,0.06443284523108339
2025-11-05 00:00:00+00:00,-0.03851445394852306,0.006154748446463043,0.02490033557290959
2025-11-06 00:00:00+00:00,0.03273322765620124,-0.012845744625371027,-0.01668862264552393
2025-11-07 00:00:00+00:00,0.017660456458924192,0.02179703600366065,0.06356564422751161
2025-11-08 00:00:00+00:00,0.12893344745107027,0.07998471530938119,0.08783965700668937
2025-11-09 00:00:00+00:00,-0.030325631636805774,-0.026542356180210006,-0.03700111220559884
2025-11-10 00:00:00+00:00,0.021935425584151926,-0.013537905152770376,-0.026751972727094647
2025-11-11 00:00:00+00:00,-0.009337083476443605,-0.0397863175263906,-0.033833658703852375
2025-11-12 00:00:00+00:00,-0.06964783317939179,-0.014105730007861196,-0.0025184718583489596
2025-11-13 00:00:00+00:00,-0.006051997077165676,0.0068870732188129205,0.022172100536466222
2025-11-14 00:00:00+00:00,-0.02397414885526158,0.017191673488875257,-0.0009067230409338525
2025-11-15 00:00:00+00:00,-0.018848465630225,0.037533214416196746,-0.040892517842625986
2025-11-16 00:00:00+00:00,0.04281084792746291,0.02985191199312673,-0.0055950189338762335
2025-11-17 00:00:00+00:00,-0.025330150588836736,0.0059209697179049515,0.006821092031697493
2025-11-18 00:00:00+00:00,-0.026231622533189766,0.006662638573493477,-0.009303020620508893
2025-11-19 00:00:00+00:00,0.02103188535550106,-0.014817713758195288,-0.0036325825284702655
2025-11-20 00:00:00+00:00,-0.02182385152070499,0.012440242886276272,0.012079948057841232
2025-11-21 00:00:00+00:00,-0.05113620183142878,0.00405965910103054,0.017212041873157523
2025-11-22 00:00:00+00:00,-0.05092376822755345,-0.01870407151304524,-0.011967608404366637
2025-11-23 00:00:00+00:00,-0.01028202277257786,-0.01440711285956747,-0.004959513592102807
2025-11-24 00:00:00+00:00,0.015186031315541408,-0.002954313579426487,0.001587888962827748
2025-11-25 00:00:00+00:00,0.02784430843089006,-0.021084133484473883,-0.013911115446502257
2025-11-26 00:00:00+00:00,-0.004152927393961173,-0.0051542643968585464,0.007330213920564953
2025-11-27 00:00:00+00:00,0.03882327277476628,-0.03540801461514179,0.018226185697965143
2025-11-28 00:00:00+00:00,-0.018518408148638907,-0.000513955792003772,-0.013379185121430867
2025-11-29 00:00:00+00:00,-0.015710701887038152,0.008050065164423786,-0.006644866124022318
2025-11-30 00:00:00+00:00,-0.013052350325351332,-0.006908232448231937,-0.006274939324329279
2025-12-01 00:00:00+00:00,-0.01626685478479181,0.011222312259343538,-0.012327632998051624
2025-12-02 00:00:00+00:00,-0.07012604809878571,0.0023775815337709985,-0.009707640463015171
2025-12-03 00:00:00+00:00,0.05749338057376614,0.02516843903086349,-0.003551337450063303
2025-12-04 00:00:00+00:00,0.05108627791832947,0.011342572524767015,-0.00366920303118706
2025-12-05 00:00:00+00:00,-0.017656203429854907,-0.015966428066379875,-0.008860644133457276
2025-12-06 00:00:00+00:00,-0.04354980408371399,0.0006711883292575708,-0.004259266677418017
2025-12-07 00:00:00+00:00,0.007001344673805354,0.013322266654524247,-0.0007271256094488008
2025-12-08 00:00:00+00:00,-0.004530848371975082,0.011504125648044016,-0.0044824497960488045
2025-12-09 00:00:00+00:00,0.03317438926333444,-0.028347621903740218,0.018411950482190458
2025-12-10 00:00:00+00:00,0.04014312714927651,0.0033506478934988157,-0.010710507195262287
2025-12-11 00:00:00+00:00,-0.03014831856103212,0.010957924999569773,-0.0038952719965727285
2025-12-12 00:00:00+00:00,-0.007735675173719706,-0.0005330071543977663,-0.008293764969422232
2025-12-13 00:00:00+00:00,-0.022218965386194937,-0.011131357809057489,0.008973435757301128
2025-12-14 00:00:00+00:00,0.003973828315238699,0.010010430381017489,-0.006426445039527914
2025-12-15 00:00:00+00:00,-0.0386620410375786,0.0021716300434661303,-0.004105947090984146
2025-12-16 00:00:00+00:00,-0.02212100462602263,-0.006454708572771338,0.0033508668348686526
2025-12-17 00:00:00+00:00,0.005614800360327155,-0.0011350043506442825,-0.0006555230179407954
2025-12-18 00:00:00+00:00,-0.04163961413644801,0.0013803443755238808,0.007275615558737602
2025-12-19 00:00:00+00:00,-0.018583288462953117,0.0026695941568179405,-0.0057191622906675645
2025-12-20 00:00:00+00:00,0.06748187559653138,0.005536597959986711,-0.00040476956065726614
2025-12-21 00:00:00+00:00,0.013451740687627141,-0.026014045177151543,-0.0032655294223621232
2025-12-22 00:00:00+00:00,-0.018904610892966096,-0.00014814549063259586,0.000350995058501262
2025-12-23 00:00:00+00:00,-0.004972835137934147,-0.00783152406054665,0.0023942337669786407
2025-12-24 00:00:00+00:00,-0.015515123841469454,-0.011508596548574904,0.00496541883269506
2025-12-25 00:00:00+00:00,-0.0029522198421858842,0.01447461517589007,-0.013621932457175837
2025-12-26 00:00:00+00:00,-0.009195527310564314,0.009039842192109508,-0.006332363731025991
2025-12-27 00:00:00+00:00,0.011379634424879777,-0.007887053787237473,0.0038012174088035626
2025-12-28 00:00:00+00:00,0.045865199462066984,0.011019263931174382,0.0006791950645217459
2025-12-29 00:00:00+00:00,-0.0011255337633954514,0.008620412250247508,-0.006172098796525189
2025-12-30 00:00:00+00:00,-0.015501657550674364,0.0026677955647527404,0.002029695591792169
2025-12-31 00:00:00+00:00,0.0006674865787938818,-0.006444326084511096,-0.0020214328829924522
2026-01-01 00:00:00+00:00,-0.021032144259368633,-0.0004892133582681641,0.012295246951655328
2026-01-02 00:00:00+00:00,0.04770348153567953,-0.023309700960425568,0.0007251711591262309
2026-01-03 00:00:00+00:00,0.03843035480724372,-0.04216414014175867,-0.00979617105960476
2026-01-04 00:00:00+00:00,0.007656022282779092,0.0038546830187056345,0.009022850772224393
2026-01-05 00:00:00+00:00,0.006671827648089624,-0.01629607270791737,-0.0023585346735694288
2026-01-06 00:00:00+00:00,0.03430507763011451,-0.012953419019999373,-0.01840952081186962
2026-01-07 00:00:00+00:00,0.003072279096799191,-0.009064082658158302,0.003932285785273489
2026-01-08 00:00:00+00:00,-0.03798928018660117,0.003163034612792433,-0.0009322053447003497
2026-01-09 00:00:00+00:00,-0.022004927497957644,-0.009274006086500553,-0.006532670651995624
2026-01-10 00:00:00+00:00,-0.0037067383753947246,-0.0036771931133501874,0.003644299580494807
2026-01-11 00:00:00+00:00,-0.00687963948941277,0.00906872562651921,0.010249465700860714
2026-01-12 00:00:00+00:00,-0.0012861677461097972,-0.007363685037242569,-0.0033131320104165117
2026-01-13 00:00:00+00:00,-0.00806459602483951,-0.008168365079049021,-0.0028804832117254433
2026-01-14 00:00:00+00:00,0.06002756208108517,0.019362680327816843,0.0060321737750939925
2026-01-15 00:00:00+00:00,0.00478016254876635,-0.004640978508084549,-0.009112512992670678
2026-01-16 00:00:00+00:00,-0.035190669445518394,0.010648944940269418,0.0087988779139504
2026-01-17 00:00:00+00:00,0.0017490203963664705,-0.003729970475759708,0.00988417487307064
2026-01-18 00:00:00+00:00,-0.011562519649509391,-0.008409365975999594,-0.005363118929063965
2026-01-19 00:00:00+00:00,-0.028301708087733926,0.016536279982534756,0.004632941168950371
2026-01-20 00:00:00+00:00,-0.014227797254277681,0.003973463146288827,-0.00995301529975964
2026-01-21 00:00:00+00:00,-0.06196147711524817,-0.02009585475034074,0.030279017205645898
2026-01-22 00:00:00+00:00,0.02039675996921834,-0.0051138317164149405,-0.011272177958941556
2026-01-23 00:00:00+00:00,-0.010058255571756746,-0.012210832329583959,0.0011941392419398923
2026-01-24 00:00:00+00:00,0.0044255935844383035,0.006986382285718289,0.007167496064361956
2026-01-25 00:00:00+00:00,-0.008564531521914024,-0.007531257811093349,-0.0038002352499026436
2026-01-26 00:00:00+00:00,-0.05035296036855465,-0.006836817001930786,0.009315903610851821
2026-01-27 00:00:00+00:00,0.031657084803376485,-0.006115934615487536,-0.00267270029623679
2026-01-28 00:00:00+00:00,0.023148797157826244,-0.0007470304311911763,0.010004360374292804
2026-01-29 00:00:00+00:00,-0.01224951680675322,-0.002726593252292754,-0.0030256221030995276
2026-01-30 00:00:00+00:00,-0.059206183484728135,0.0054795867721110034,-0.0036012547136009963
2026-01-31 00:00:00+00:00,-0.023835278981495105,-0.003249615869225991,0.0026402582830238846
2026-02-01 00:00:00+00:00,-0.080353075561317,-0.001592511157637096,0.0006171066830748119
2026-02-02 00:00:00+00:00,-0.031593477390966705,-0.00754497044402104,0.0023582581391431903
2026-02-03 00:00:00+00:00,0.02014054795285684,-0.009843071847842224,0.018637210197553197
2026-02-04 00:00:00+00:00,-0.031517822370970366,-0.002864775107379769,0.004306561361740424
2026-02-05 00:00:00+00:00,-0.027495157250823958,-0.008286339120405094,0.0012669217742979889
2026-02-06 00:00:00+00:00,-0.1578049006482641,-0.03901457914392887,0.008486313243857579
2026-02-07 00:00:00+00:00,0.1231787083900323,0.02442177338317116,0.009625232386237286
2026-02-08 00:00:00+00:00,-0.004079904885727529,-0.007947829997328083,-0.004637789384188959
2026-02-09 00:00:00+00:00,-0.009356357860683333,0.008684441831261866,-0.0016191016568816543
2026-02-10 00:00:00+00:00,0.00264761744063986,-0.0027139551210631275,-0.005232007645723307
2026-02-11 00:00:00+00:00,-0.024230942142467474,-0.004027460940575252,-0.007595499227291815
2026-02-12 00:00:00+00:00,-0.01845274144813392,-0.007471336657639192,-0.008925810563574764
2026-02-13 00:00:00+00:00,0.0029551139942459873,-0.0034946971320084807,0.019878156760682216
2026-02-14 00:00:00+00:00,0.05246076758205029,-0.002157904393822963,-0.017980130521108226
2026-02-15 00:00:00+00:00,0.055170903141514946,0.0010558033007037615,-0.008027970557847179
2026-02-16 00:00:00+00:00,-0.03991015478349318,0.007789827183560589,0.0004410548392015994
2026-02-17 00:00:00+00:00,0.01035690880988888,-0.003313143688023935,-0.0004177140414356049
2026-02-18 00:00:00+00:00,-0.010606087711964578,-0.0010377815077618707,0.00015776064963999746
2026-02-19 00:00:00+00:00,-0.030329895438421742,0.0003364409594774419,-0.008407016775099672
2026-02-20 00:00:00+00:00,-0.0014081930860990151,0.0018787954346461218,-0.006348005944592077
2026-02-21 00:00:00+00:00,0.019404266250382333,-0.002403031105161647,0.013575615346464778
2026-02-22 00:00:00+00:00,0.0030355033698670356,0.003972792366751475,-0.01036080317606902
2026-02-23 00:00:00+00:00,-0.024461088026404818,-0.001218675214339265,0.0026419705441610474
2026-02-24 00:00:00+00:00,-0.04526837200974947,-0.015758034566776543,0.02223430729074069
2026-02-25 00:00:00+00:00,-0.006618179195212304,-0.003892611077250632,0.004296305275074436
2026-02-26 00:00:00+00:00,0.11754430815871536,-0.0397541655390858,0.013604771596821096
2026-02-27 00:00:00+00:00,-0.024372513170856966,-0.007630677531929152,0.0036550747201570793
2026-02-28 00:00:00+00:00,-0.030409578137672384,-0.003585326797864918,0.0025221109211773472
2026-03-01 00:00:00+00:00,0.011013104265465201,0.003204813671832231,-0.003804577764059525
2026-03-02 00:00:00+00:00,-0.02162801398006046,-0.004346398470174814,0.008178229406314125
2026-03-03 00:00:00+00:00,0.030265527025847092,-0.007065323928493101,0.004340368558480481
2026-03-04 00:00:00+00:00,-0.016204450990929983,-0.0003396587991395362,-0.004676841808331105
2026-03-05 00:00:00+00:00,0.04744528633086566,-0.02227332420951255,0.002132408247984799
2026-03-06 00:00:00+00:00,-0.01830971205860677,0.007468163028104457,0.0029833224139300457
2026-03-07 00:00:00+00:00,-0.03595327401200917,0.0051737990561415,0.008131021066771433
2026-03-08 00:00:00+00:00,-0.01492873097025409,0.0012597963074536416,0.003163202197228296
2026-03-09 00:00:00+00:00,-0.01413990688093844,0.0009620760149760368,0.00986688931336963
2026-03-10 00:00:00+00:00,0.02886897376256268,0.0022248033642384905,-0.0004961745781421106
2026-03-11 00:00:00+00:00,0.009830296518805005,-0.008865165239927307,0.012988638558115708
2026-03-12 00:00:00+00:00,0.005658386830121676,0.00819678560026523,-0.004852674730928951
2026-03-13 00:00:00+00:00,0.001256803091128959,0.002269315358075605,-0.006363859727760442
2026-03-14 00:00:00+00:00,0.004546647965590707,-0.000930006526092338,-0.006033139558779147
2026-03-15 00:00:00+00:00,0.00136429661231674,-0.007445286231337362,0.005010851995363894
2026-03-16 00:00:00+00:00,0.028037817395946442,-0.0011309703650755499,-0.004031136359918425
2026-03-17 00:00:00+00:00,0.06220450989463973,-0.013922258935097862,0.003935130132321549
2026-03-18 00:00:00+00:00,-0.014315028985024413,-0.007076542533444181,-0.003986845095848678
2026-03-19 00:00:00+00:00,-0.04281258006638095,-0.0027559140785128533,0.004091868058449924
2026-03-20 00:00:00+00:00,-0.0230647324838907,0.0005350010801560704,0.004097909327290206
2026-03-21 00:00:00+00:00,0.006520139976724478,0.0012169409794449853,0.0002489465264499518
2026-03-22 00:00:00+00:00,-0.02719354324790023,-0.0035253550651937675,-0.001212110044857356
2026-03-23 00:00:00+00:00,-0.01616805066338057,0.0031119259332091963,0.0018780045539095798
2026-03-24 00:00:00+00:00,0.03839773366895461,-0.000961760938400673,-0.000611370334220184
2026-03-25 00:00:00+00:00,0.0066250758257096,-0.00410404385622034,0.0034342989976259143
2026-03-26 00:00:00+00:00,0.003605086129434117,-0.0021943891682908857,-0.009051223260656972
2026-03-27 00:00:00+00:00,-0.042675570528942976,-0.002739939307616289,0.00803169390953057
2026-03-28 00:00:00+00:00,-0.02721832382723648,0.010882509149994708,0.010913750931331973
2026-03-29 00:00:00+00:00,-0.00546698260334697,0.011181466626726644,0.004960371447636626
2026-03-30 00:00:00+00:00,-0.008825602624539441,-0.001980983144814085,-0.004641361235232062
2026-03-31 00:00:00+00:00,0.014789723889665995,0.002950887141192723,-0.006804268651043194
2026-04-01 00:00:00+00:00,0.018163511488038533,0.010151978118970612,-0.011053637638261945
2026-04-02 00:00:00+00:00,0.005719790895506131,-0.004461358467952299,-0.005742253603512404
2026-04-03 00:00:00+00:00,-0.03466121048215679,0.007835594594607661,0.011931180525439762
2026-04-04 00:00:00+00:00,0.004927642954307706,-0.0041566567950358435,-0.0029217059741033797
2026-04-05 00:00:00+00:00,0.007790511731235298,0.008291030555287746,0.005813621276270097
2026-04-06 00:00:00+00:00,0.0046362123989233785,-6.398595455671254e-05,-0.0033552054626834003
2026-04-07 00:00:00+00:00,-0.002919422813716051,0.005332317827803397,0.005653793202016659
2026-04-08 00:00:00+00:00,0.06123785171420657,0.019451168834579452,0.014977280147298435
2026-04-09 00:00:00+00:00,-0.027067523487726276,0.012491777406005657,0.007762751055014771
2026-04-10 00:00:00+00:00,0.017382340595949165,0.015808930022254718,0.010064711421252481
2026-04-11 00:00:00+00:00,0.01128551528639085,0.00037777014330693027,-0.0033129459961764784
2026-04-12 00:00:00+00:00,-0.0035316114484220747,0.0015105947972989422,-0.0007486488375720688
2026-04-13 00:00:00+00:00,-0.03444270286629358,0.005188195263311434,0.0075399055387151675
2026-04-14 00:00:00+00:00,0.052003040640942036,-0.008233810569890088,-0.0249860811337111
2026-04-15 00:00:00+00:00,-0.0229231881663694,0.005037947455785597,0.0012173579534779959
2026-04-16 00:00:00+00:00,0.01915781255032245,-0.009146648229494082,0.004765980028689498
2026-04-17 00:00:00+00:00,0.0394249638194312,-0.027501324402522592,0.006965913870886856
2026-04-18 00:00:00+00:00,0.002402041958167134,-0.0015239643758327163,0.010468441143074615
2026-04-19 00:00:00+00:00,-0.03269035823522167,-0.006693499271871448,0.006637743990087073
2026-04-20 00:00:00+00:00,-0.03448875963622591,-0.004538415592875828,0.006246812139614318
2026-04-21 00:00:00+00:00,0.019790303132252038,0.004581089372011518,0.006956056542412362
2026-04-22 00:00:00+00:00,0.008762954997880979,-0.002984818382862823,0.0015778728335505711
2026-04-23 00:00:00+00:00,0.004836491326371562,-0.0038373948845534973,0.0030643445040998835
2026-04-24 00:00:00+00:00,0.0051725643568010975,0.009663508433792095,0.004383669095980919
2026-04-25 00:00:00+00:00,0.0012765832578126505,0.006644117066127739,0.0022488745105058144
2026-04-26 00:00:00+00:00,-0.00393440007287064,0.00023115520237230254,0.001803517911057526
2026-04-27 00:00:00+00:00,0.008305727711702208,-0.0022959608344750556,0.00128779160369004
2026-04-28 00:00:00+00:00,-0.01352195714904895,-0.004128762319760781,-0.0017211613477136727
2026-04-29 00:00:00+00:00,-0.009786950825498571,-0.006049900224675244,-0.0017650784495325698
2026-04-30 00:00:00+00:00,-0.011809689955268661,-0.00040356239970608366,0.002045131741194018
2026-05-01 00:00:00+00:00,0.00618481728077079,-0.0012229893297641152,-0.0045848337227749215
2026-05-02 00:00:00+00:00,0.015760612848921163,-0.008555607978507277,-0.007400273386856318
2026-05-03 00:00:00+00:00,0.006302236415349038,0.000642874906552067,0.00563528086688438
2026-05-04 00:00:00+00:00,0.005510198033217202,0.006638882492548465,-0.015322610702400857
2026-05-05 00:00:00+00:00,0.022339352051222595,-0.018182900084122537,-0.01898106654927738
2026-05-06 00:00:00+00:00,0.03966243450456073,0.0210032411743127,0.01545360681269831
2026-05-07 00:00:00+00:00,0.028521483413271778,0.01885259809404008,-0.012795127112523168
2026-05-08 00:00:00+00:00,-0.009943386716076412,0.011432263613325057,0.0007823202405624946
2026-05-09 00:00:00+00:00,0.03405057295558166,0.003810233298467683,0.011882973234575588
2026-05-10 00:00:00+00:00,-0.009048380067313462,-0.010953982623664047,-0.0018833286604395371
2026-05-11 00:00:00+00:00,0.019502006723179914,-0.022184976033945415,0.010777711210732914
2026-05-12 00:00:00+00:00,-0.014216038596761467,-0.0023694737192925756,-0.005218938209452233
2026-05-13 00:00:00+00:00,-0.02086621768852664,0.007769290896168419,0.0046928175126022915
2026-05-14 00:00:00+00:00,-0.02074188829821025,-0.009755862254880227,0.012880932227066962
2026-05-15 00:00:00+00:00,0.025351134959517685,0.002437344332127189,-0.008236340151816325
2026-05-16 00:00:00+00:00,-0.03661786228790504,-0.002488264386243552,-0.000692316679963813
2026-05-17 00:00:00+00:00,-0.026629649183881252,0.001211641386389246,-0.002056027624889759
2026-05-18 00:00:00+00:00,-0.010827097208448551,0.009395369033186692,-0.008164175031301032
2026-05-19 00:00:00+00:00,0.004337865975510943,0.016658545749922735,-0.017219318086902687
2026-05-20 00:00:00+00:00,-0.013028371295734214,0.0040243180810204775,-0.007909239066313887
2026-05-21 00:00:00+00:00,0.03764990953055315,0.03526989980939073,0.009588478185939726
2026-05-22 00:00:00+00:00,0.007085890815471574,-0.00372525500187603,-0.007317931636422649
2026-05-23 00:00:00+00:00,-0.04555918615738714,-0.007082641478814699,-0.005755120858813785
2026-05-24 00:00:00+00:00,0.02406473712147726,0.009378429600450643,0.002832444757150233
2026-05-25 00:00:00+00:00,-0.009938903067289706,0.006870254694466973,0.0099943969575042
2026-05-26 00:00:00+00:00,0.0033602993790962246,-0.005958652736474984,-0.003046927555787546
2026-05-27 00:00:00+00:00,-0.02089683797281805,-0.002874772100412583,-0.006061385559750004
2026-05-28 00:00:00+00:00,-0.019251929648265113,0.005730370299560372,0.0046113579247273875
2026-05-29 00:00:00+00:00,-0.023130896068043964,0.012180173476871808,-0.01248273594149165
2026-05-30 00:00:00+00:00,0.016130524592717275,0.025244055070770342,0.032148013235815384
2026-05-31 00:00:00+00:00,0.007576169534477676,0.00024022498387735975,-0.01996664933339688
2026-06-01 00:00:00+00:00,0.008900238065930537,0.016280974239411508,0.016648778464555904
2026-06-02 00:00:00+00:00,-0.02060153956830959,-0.01431261597664393,-0.0088294968245771
2026-06-03 00:00:00+00:00,-0.0613193418178812,0.013655815607575256,0.031650567961489205
2026-06-04 00:00:00+00:00,-0.01400500276495064,-0.004967452294664926,0.010249868503481157
2026-06-05 00:00:00+00:00,-0.05765193176681198,-0.02114192777749163,-0.02008056529883695
2026-06-06 00:00:00+00:00,-0.09247261684692148,0.016916916245122638,-0.02083456408076448
2026-06-07 00:00:00+00:00,-0.0047391565785370885,-0.0038631658643933876,-0.007687359584817618
2026-06-08 00:00:00+00:00,0.055362017613283444,-0.006705024688340001,0.010525549144345794
2026-06-09 00:00:00+00:00,-0.003138554008376097,0.013723365393581701,-0.001642120764377575
2026-06-10 00:00:00+00:00,-0.02503124511592538,-0.006739984745107076,-0.0050544056517827195
2026-06-11 00:00:00+00:00,-0.028976133337808678,-0.006193496072085402,0.0008463074223325081
2026-06-12 00:00:00+00:00,0.038017734454324076,0.0037026109914879814,-0.0027842628787017438
2026-06-13 00:00:00+00:00,-0.007335169849725443,-0.00033034245802337543,-0.0033486837662778006
2026-06-14 00:00:00+00:00,0.01993952053600095,-0.002910869533994912,-0.0003767244054179499
2026-06-15 00:00:00+00:00,0.02872513009182933,-0.0011434595352596874,0.0025950720072679336
2026-06-16 00:00:00+00:00,0.030782450601228875,0.006256570572509523,0.010536915471661046
2026-06-17 00:00:00+00:00,-0.006160380755042083,0.0038641242963158417,0.0008804614793231743
2026-06-18 00:00:00+00:00,-0.01678371991097091,0.0014924686295043027,0.004537090957963794
2026-06-19 00:00:00+00:00,-0.021610346130133722,0.012850316887406699,-0.004063790686866166
2026-06-20 00:00:00+00:00,-0.012287873522069111,-0.004176548104634015,-0.0037432155370682057
2026-06-21 00:00:00+00:00,0.008715975629519306,-0.007162407456354932,0.00444181802579762
2026-06-22 00:00:00+00:00,-0.023474744068869083,-0.0025134038742712418,-0.007237067516240905
2026-06-23 00:00:00+00:00,0.006587366830398807,-0.0004435462305558954,-0.0032216100929268166
2026-06-24 00:00:00+00:00,-0.025000454131119444,-0.009382066848509556,0.0033205264549384292
2026-06-25 00:00:00+00:00,-0.014905754061887204,0.006399782349745954,-0.01411776803046761
2026-06-26 00:00:00+00:00,-0.017066554014073428,0.0016817141072434046,0.0011412945683270867
2026-06-27 00:00:00+00:00,0.02606022092015449,0.005545321714238839,-0.01782143512373786
2026-06-28 00:00:00+00:00,-0.017333384923858053,0.0022087355879453975,0.0032429778500214727
2026-06-29 00:00:00+00:00,-0.009474770461984446,-0.001274440669197461,0.004457618976555236
2026-06-30 00:00:00+00:00,0.021165625958914115,-0.009488793593186606,0.0014863860760459123
2026-07-01 00:00:00+00:00,-0.01697790819115225,-0.020716009429050473,0.013185832170246527
2026-07-02 00:00:00+00:00,0.02311138703415677,-0.0029148772606645353,0.01472338481942006
2026-07-03 00:00:00+00:00,0.04102753418774318,0.007037805845589469,-0.004622113643711037
2026-07-04 00:00:00+00:00,0.037070248934673984,-0.014658633693356016,-0.0046996623810601715
2026-07-05 00:00:00+00:00,0.011471448821573915,0.0002154477968879657,-0.0006383622176707802
2026-07-06 00:00:00+00:00,0.0037307784534767277,-0.004519506206758454,-0.0008310623329604944
2026-07-07 00:00:00+00:00,-0.003056493715644352,0.003372485166429566,0.007629958292854348
2026-07-08 00:00:00+00:00,-0.02054847753344288,-0.005747878742228342,-0.014485590458485792
2026-07-09 00:00:00+00:00,-0.01969989554461251,0.0036947837519535555,-0.008387545885934775
2026-07-10 00:00:00+00:00,0.01477516746313891,0.001872973223784683,-0.006660797123823565
2026-07-11 00:00:00+00:00,0.0250942355639974,-0.001895328626371733,-0.001767168791479592
2026-07-12 00:00:00+00:00,-0.0036474119557383445,0.010764748025127318,-0.01247806843857879
2026-07-13 00:00:00+00:00,-0.0038932598278240177,0.0013122523137865283,-0.005070742949803156
2026-07-14 00:00:00+00:00,-0.020139872313653752,0.00023395399453139099,0.007813371236667352
2026-07-15 00:00:00+00:00,0.04479268657253231,0.002513305261053628,-0.013715428043141098
2026-07-16 00:00:00+00:00,-0.003078033482136,-0.008680679123073036,-0.004084069827905045
2026-07-17 00:00:00+00:00,-0.023203948783038258,-0.006146559555691696,0.00591851027334544
2026-07-18 00:00:00+00:00,0.00404505041763786,0.0039259309039814515,0.005463568917758148
2026-07-19 00:00:00+00:00,0.004413939324198261,0.005446958380252285,-0.004242968475431299
2026-07-20 00:00:00+00:00,-0.008386177912489145,0.006952795269803395,-3.8836184507509496e-05
2026-07-21 00:00:00+00:00,0.01284292050118412,0.0016294768860935587,0.007335403623645096
2026-07-22 00:00:00+00:00,0.01745190020053576,-0.011714079909077598,0.004313687787749768
2026-07-23 00:00:00+00:00,-0.003929569567283512,0.004126444667312119,-0.0008800757281555813
2026-07-24 00:00:00+00:00,-0.025279621078701832,0.010001159110013386,-0.008346453535204905
2026-07-25 00:00:00+00:00,-0.012156844349177735,-0.0017590767041395952,0.0012675302398905313
2026-07-26 00:00:00+00:00,0.005954140965973198,-0.015491347988249677,0.012151537030582481
2026-07-27 00:00:00+00:00,0.03116888038531602,0.01774669610127579,-0.01651841828635466
2026-07-28 00:00:00+00:00,-0.04635934348193471,0.010577254301991053,-0.003550971285007108
2026-07-29 00:00:00+00:00,0.014153147395689455,-0.002055274453572253,-0.007167211497100775
2026-07-30 00:00:00+00:00,-0.008722923884775913,-0.00026645010531603145,0.0029144783169191887
2026-07-31 00:00:00+00:00,0.023896609052679058,0.0044219694011451505,-0.0035147553285553752
2026-08-01 00:00:00+00:00,-0.02043421136294544,-0.010289709503942214,0.00478127936505392
2026-08-02 00:00:00+00:00,-0.00883881071082587,-0.006982800323954056,-0.005832420406700993
2026-08-03 00:00:00+00:00,0.031025107765162607,0.005723902859822593,-0.0036388356236802728
2026-08-04 00:00:00+00:00,-0.005171084552907312,-0.009306503374177204,-0.0007120805485152569
2026-08-05 00:00:00+00:00,0.004631622893657705,-0.001681266598234114,-0.007742824448628719
2026-08-06 00:00:00+00:00,0.002754648867980321,0.002970921494017302,0.007074796885228445
2026-08-07 00:00:00+00:00,-0.0075556141689727095,0.012097575203564524,0.0010607958519319482
2026-08-08 00:00:00+00:00,-0.0009116470938930791,0.0033067271731583386,0.00023740089752128285
2026-08-09 00:00:00+00:00,0.00903155423361038,-0.004358949830995176,0.0032959726901534846
2026-08-10 00:00:00+00:00,-0.00891416295935803,0.0012201158812245826,-0.0008129588822062309
2026-08-11 00:00:00+00:00,-0.0077995488618496514,-0.0014466899969747136,0.0005247667620050395
2026-08-12 00:00:00+00:00,-0.00159481663352119,-0.005179271119618252,-0.005837156231031698
2026-08-13 00:00:00+00:00,-0.014314805956369773,-0.002781239066277696,0.010342278382717039
2026-08-14 00:00:00+00:00,0.00045423905399233355,-0.0016979368997316938,-0.00444712183753094
2026-08-15 00:00:00+00:00,-0.010487022627214607,0.009983593708063883,-0.0016545048362181722
2026-08-16 00:00:00+00:00,0.00013358271222592885,-0.0005255178529173181,-0.0069070356669740434
2026-08-17 00:00:00+00:00,-0.004100409008744991,-0.0005878532386919928,-0.000915210103149319
2026-08-18 00:00:00+00:00,0.014884358711027453,-0.0004454580815737068,-0.003670596547062207
2026-08-19 00:00:00+00:00,-0.008369682644427123,0.0024838199140737394,-0.0011158881213025292
2026-08-20 00:00:00+00:00,0.08232615268885421,-0.008244812918539542,0.004399806226427585
2026-08-21 00:00:00+00:00,0.04729727979753425,-0.01939039701101302,0.031870166004240336
2026-08-22 00:00:00+00:00,0.1302002911547397,-0.02203264124450362,-0.009781036261527945
2026-08-23 00:00:00+00:00,-0.0038542349417376516,0.0005684136641287981,0.0024849493307993664
2026-08-24 00:00:00+00:00,0.021449458943003926,0.007837056346186783,0.005789026207293521
2026-08-25 00:00:00+00:00,-0.012882944412045938,-0.0010129173049132282,0.004320114988712969
2026-08-26 00:00:00+00:00,-0.03253792776354882,0.005977126427240282,-0.004325405339443771
2026-08-27 00:00:00+00:00,0.015650914756508764,0.0014728539941243183,-0.0011280567691926218
2026-08-28 00:00:00+00:00,0.012093740532849262,-0.0023308132177611153,-0.009464955250900329
2026-08-29 00:00:00+00:00,-0.03223560864348425,0.0048538436352864684,-0.005024865585667507
2026-08-30 00:00:00+00:00,0.009720585971193503,0.005339924975969767,-0.008864950293890188
2026-08-31 00:00:00+00:00,-0.011803310986944648,0.007936617615054467,-0.021622706475204048
