time,B_family_mean
2021-01-02 00:00:00+00:00,0.013783215578691608
2021-01-03 00:00:00+00:00,-0.04547400827608761
2021-01-04 00:00:00+00:00,-0.03920187320713476
2021-01-05 00:00:00+00:00,0.028454755122854943
2021-01-06 00:00:00+00:00,0.008551988497207
2021-01-07 00:00:00+00:00,0.05154500879819716
2021-01-08 00:00:00+00:00,-0.012299906958966446
2021-01-09 00:00:00+00:00,-0.002034678769007925
2021-01-10 00:00:00+00:00,0.02702245553719076
2021-01-11 00:00:00+00:00,0.0024379998942043
2021-01-12 00:00:00+00:00,-0.0014627851601387999
2021-01-13 00:00:00+00:00,0.019606729466414976
2021-01-14 00:00:00+00:00,0.006045359283325291
2021-01-15 00:00:00+00:00,0.016868614470947334
2021-01-16 00:00:00+00:00,0.02661786754966416
2021-01-17 00:00:00+00:00,0.03437629558142564
2021-01-18 00:00:00+00:00,-0.01460741079334108
2021-01-19 00:00:00+00:00,0.009314312019009981
2021-01-20 00:00:00+00:00,-0.012021722213804808
2021-01-21 00:00:00+00:00,0.017515492635345277
2021-01-22 00:00:00+00:00,-0.004220643028605367
2021-01-23 00:00:00+00:00,0.027441119453137434
2021-01-24 00:00:00+00:00,-0.0004988855959162749
2021-01-25 00:00:00+00:00,0.030573571013339712
2021-01-26 00:00:00+00:00,-9.680554446719169e-05
2021-01-27 00:00:00+00:00,0.028303692531458702
2021-01-28 00:00:00+00:00,0.0070930893895213
2021-01-29 00:00:00+00:00,-0.008205814493425825
2021-01-30 00:00:00+00:00,0.007054094997632799
2021-01-31 00:00:00+00:00,-0.016362115978388086
2021-02-01 00:00:00+00:00,-0.011962740640779452
2021-02-02 00:00:00+00:00,0.06062736629232444
2021-02-03 00:00:00+00:00,-0.008882543292383282
2021-02-04 00:00:00+00:00,-0.002135455714193092
2021-02-05 00:00:00+00:00,0.02296623890684465
2021-02-06 00:00:00+00:00,0.03023458976547635
2021-02-07 00:00:00+00:00,0.0366116510936559
2021-02-08 00:00:00+00:00,0.005345331658129851
2021-02-09 00:00:00+00:00,0.024915361176111622
2021-02-10 00:00:00+00:00,0.06003318109611183
2021-02-11 00:00:00+00:00,0.042613051926029495
2021-02-12 00:00:00+00:00,-0.006384102435798734
2021-02-13 00:00:00+00:00,-0.019058596796673405
2021-02-14 00:00:00+00:00,0.02466377382136112
2021-02-15 00:00:00+00:00,0.0240588178605937
2021-02-16 00:00:00+00:00,-0.0026041639779548747
2021-02-17 00:00:00+00:00,-0.004731175968233334
2021-02-18 00:00:00+00:00,-0.008455272449724133
2021-02-19 00:00:00+00:00,0.008607954997429201
2021-02-20 00:00:00+00:00,0.03436184302063117
2021-02-21 00:00:00+00:00,0.023008938147786557
2021-02-22 00:00:00+00:00,0.008109639588683966
2021-02-23 00:00:00+00:00,-0.00570706315469325
2021-02-24 00:00:00+00:00,-0.009842525232841017
2021-02-25 00:00:00+00:00,0.0036210757679225503
2021-02-26 00:00:00+00:00,0.003171509325080483
2021-02-27 00:00:00+00:00,0.009692846456128166
2021-02-28 00:00:00+00:00,0.0020838917611618007
2021-03-01 00:00:00+00:00,0.002262838781930191
2021-03-02 00:00:00+00:00,0.021742752152746195
2021-03-03 00:00:00+00:00,-0.010236023604096768
2021-03-04 00:00:00+00:00,-0.002291001544193808
2021-03-05 00:00:00+00:00,-0.018644687566166718
2021-03-06 00:00:00+00:00,-0.007235128730242183
2021-03-07 00:00:00+00:00,-0.006729510137043441
2021-03-08 00:00:00+00:00,-0.005216514853583775
2021-03-09 00:00:00+00:00,-0.006587607981991509
2021-03-10 00:00:00+00:00,0.016112752211524303
2021-03-11 00:00:00+00:00,0.0021952556213088842
2021-03-12 00:00:00+00:00,0.011912717383977409
2021-03-13 00:00:00+00:00,0.012151929737413992
2021-03-14 00:00:00+00:00,0.025699275727026936
2021-03-15 00:00:00+00:00,-0.021143463299919226
2021-03-16 00:00:00+00:00,-0.005714034798441558
2021-03-17 00:00:00+00:00,-0.017442001388250677
2021-03-18 00:00:00+00:00,0.002256611090331425
2021-03-19 00:00:00+00:00,-0.0024739862102602247
2021-03-20 00:00:00+00:00,-0.03887389607226117
2021-03-21 00:00:00+00:00,0.016965670266179705
2021-03-22 00:00:00+00:00,-0.011356954447916458
2021-03-23 00:00:00+00:00,-0.0013032444688512081
2021-03-24 00:00:00+00:00,0.011900380688305942
2021-03-25 00:00:00+00:00,0.02330149974757303
2021-03-26 00:00:00+00:00,0.006074305357695126
2021-03-27 00:00:00+00:00,0.020395744460243555
2021-03-28 00:00:00+00:00,0.0137338489731152
2021-03-29 00:00:00+00:00,-0.009202289395815567
2021-03-30 00:00:00+00:00,0.0075003043692279
2021-03-31 00:00:00+00:00,0.03919741631245283
2021-04-01 00:00:00+00:00,0.04157201664746721
2021-04-02 00:00:00+00:00,0.008306187260789334
2021-04-03 00:00:00+00:00,-0.008074887034666708
2021-04-04 00:00:00+00:00,0.0142837906576868
2021-04-05 00:00:00+00:00,-0.03465693173973879
2021-04-06 00:00:00+00:00,-0.015004739585922494
2021-04-07 00:00:00+00:00,-0.013226676878078507
2021-04-08 00:00:00+00:00,0.013010588066949344
2021-04-09 00:00:00+00:00,-0.015649999409361553
2021-04-10 00:00:00+00:00,0.02359289829107952
2021-04-11 00:00:00+00:00,-0.03489181538180494
2021-04-12 00:00:00+00:00,0.011768700605905675
2021-04-13 00:00:00+00:00,2.0528752368874647e-05
2021-04-14 00:00:00+00:00,-0.03407295526431842
2021-04-15 00:00:00+00:00,0.02216549743701142
2021-04-16 00:00:00+00:00,-0.003210895046568975
2021-04-17 00:00:00+00:00,0.038109759949957106
2021-04-18 00:00:00+00:00,-0.012095352662357095
2021-04-19 00:00:00+00:00,0.014533954617075509
2021-04-20 00:00:00+00:00,0.015024598196529364
2021-04-21 00:00:00+00:00,-0.008290506557833225
2021-04-22 00:00:00+00:00,0.006714620912143442
2021-04-23 00:00:00+00:00,0.02042493375043807
2021-04-24 00:00:00+00:00,-0.014845759797248908
2021-04-25 00:00:00+00:00,0.007199449723508583
2021-04-26 00:00:00+00:00,-0.0022673120578791586
2021-04-27 00:00:00+00:00,-0.012365846071422002
2021-04-28 00:00:00+00:00,-0.0023784153086798413
2021-04-29 00:00:00+00:00,0.014647726214658525
2021-04-30 00:00:00+00:00,-0.015222553298499577
2021-05-01 00:00:00+00:00,0.0032538410988174667
2021-05-02 00:00:00+00:00,0.015581421521728965
2021-05-03 00:00:00+00:00,-0.008408688582191534
2021-05-04 00:00:00+00:00,0.03980532839218542
2021-05-05 00:00:00+00:00,0.05998060630383734
2021-05-06 00:00:00+00:00,0.03893873772811747
2021-05-07 00:00:00+00:00,0.03801318578525484
2021-05-08 00:00:00+00:00,-0.003156316450882325
2021-05-09 00:00:00+00:00,0.031849760272851586
2021-05-10 00:00:00+00:00,-0.016089896307056893
2021-05-11 00:00:00+00:00,0.007873527085381325
2021-05-12 00:00:00+00:00,-0.022017210780340395
2021-05-13 00:00:00+00:00,0.004177893824350582
2021-05-14 00:00:00+00:00,0.0012360983949886166
2021-05-15 00:00:00+00:00,0.01859252768895688
2021-05-16 00:00:00+00:00,-0.017603414369127875
2021-05-17 00:00:00+00:00,0.009648679423097375
2021-05-18 00:00:00+00:00,-0.012902345847329725
2021-05-19 00:00:00+00:00,-0.01044253672312071
2021-05-20 00:00:00+00:00,0.015065509608932793
2021-05-21 00:00:00+00:00,0.016835127747599574
2021-05-22 00:00:00+00:00,-0.0012658867451910668
2021-05-23 00:00:00+00:00,0.002865226192535075
2021-05-24 00:00:00+00:00,0.004296641602207234
2021-05-25 00:00:00+00:00,0.006850147669593326
2021-05-26 00:00:00+00:00,0.0037859935385645264
2021-05-27 00:00:00+00:00,-0.004828844909602273
2021-05-28 00:00:00+00:00,-0.015822780818656308
2021-05-29 00:00:00+00:00,0.0055136943336179835
2021-05-30 00:00:00+00:00,0.003608564322848317
2021-05-31 00:00:00+00:00,0.0021935002467585517
2021-06-01 00:00:00+00:00,-0.010806882069972873
2021-06-02 00:00:00+00:00,0.010994243110298058
2021-06-03 00:00:00+00:00,0.0016660259836826662
2021-06-04 00:00:00+00:00,0.0002502361924011751
2021-06-05 00:00:00+00:00,0.0038658751920588237
2021-06-06 00:00:00+00:00,0.005953955730625817
2021-06-07 00:00:00+00:00,-0.0026644328529898758
2021-06-08 00:00:00+00:00,-0.0030632615608547167
2021-06-09 00:00:00+00:00,0.0013754286920111827
2021-06-10 00:00:00+00:00,0.002862273997584571
2021-06-11 00:00:00+00:00,0.015508982518574535
2021-06-12 00:00:00+00:00,0.01572057832209148
2021-06-13 00:00:00+00:00,-0.003217580002401858
2021-06-14 00:00:00+00:00,0.008620877432028126
2021-06-15 00:00:00+00:00,-0.0038367211524587674
2021-06-16 00:00:00+00:00,-0.00015079008286841695
2021-06-17 00:00:00+00:00,0.002716402543844957
2021-06-18 00:00:00+00:00,-0.00020898023669501403
2021-06-19 00:00:00+00:00,0.001782148580048658
2021-06-20 00:00:00+00:00,0.004911474322883
2021-06-21 00:00:00+00:00,-0.008891038147826751
2021-06-22 00:00:00+00:00,0.002870340544173015
2021-06-23 00:00:00+00:00,0.0019033630324076997
2021-06-24 00:00:00+00:00,0.021423349036298934
2021-06-25 00:00:00+00:00,-0.0010200505061869912
2021-06-26 00:00:00+00:00,-0.00026052492120816757
2021-06-27 00:00:00+00:00,0.005897955218148475
2021-06-28 00:00:00+00:00,0.005663095952309317
2021-06-29 00:00:00+00:00,-0.008034930976457367
2021-06-30 00:00:00+00:00,0.031232542582180486
2021-07-01 00:00:00+00:00,0.007416898517898251
2021-07-02 00:00:00+00:00,-0.0015426367739423416
2021-07-03 00:00:00+00:00,0.003692729976475109
2021-07-04 00:00:00+00:00,0.008838107384481033
2021-07-05 00:00:00+00:00,0.004696280542253518
2021-07-06 00:00:00+00:00,0.0018907837550082417
2021-07-07 00:00:00+00:00,-0.0061193293719756505
2021-07-08 00:00:00+00:00,-0.008913200960920733
2021-07-09 00:00:00+00:00,-0.0011921742221965663
2021-07-10 00:00:00+00:00,-0.007545189006339641
2021-07-11 00:00:00+00:00,0.00788989475383974
2021-07-12 00:00:00+00:00,0.003684895574225841
2021-07-13 00:00:00+00:00,-0.0014071197251921581
2021-07-14 00:00:00+00:00,0.00033202590054885826
2021-07-15 00:00:00+00:00,0.007182013961118475
2021-07-16 00:00:00+00:00,-0.0002457967968434249
2021-07-17 00:00:00+00:00,0.0003695332432169998
2021-07-18 00:00:00+00:00,-0.0005596472618015422
2021-07-19 00:00:00+00:00,0.003982842511779851
2021-07-20 00:00:00+00:00,0.004049489993647275
2021-07-21 00:00:00+00:00,0.00014255759532889252
2021-07-22 00:00:00+00:00,0.0006938046218546668
2021-07-23 00:00:00+00:00,-0.02075128229124173
2021-07-24 00:00:00+00:00,0.004515637705146525
2021-07-25 00:00:00+00:00,0.0049803455931606115
2021-07-26 00:00:00+00:00,-0.0030546000373453
2021-07-27 00:00:00+00:00,-0.0023380901158621425
2021-07-28 00:00:00+00:00,-0.002332942109311367
2021-07-29 00:00:00+00:00,-0.010698747579312733
2021-07-30 00:00:00+00:00,-0.005585781513886767
2021-07-31 00:00:00+00:00,-0.005388109020741192
2021-08-01 00:00:00+00:00,0.005050085041361217
2021-08-02 00:00:00+00:00,0.02125823953268026
2021-08-03 00:00:00+00:00,-0.012952215289613591
2021-08-04 00:00:00+00:00,-0.0040758035461331875
2021-08-05 00:00:00+00:00,0.013108305162647868
2021-08-06 00:00:00+00:00,0.007287285539227775
2021-08-07 00:00:00+00:00,0.008259599392627107
2021-08-08 00:00:00+00:00,0.007730208033325366
2021-08-09 00:00:00+00:00,0.006002599411803909
2021-08-10 00:00:00+00:00,0.0060703320827327255
2021-08-11 00:00:00+00:00,-0.0077010499380419485
2021-08-12 00:00:00+00:00,-0.000471259130511742
2021-08-13 00:00:00+00:00,-0.0007127704226495626
2021-08-14 00:00:00+00:00,0.004805978066406066
2021-08-15 00:00:00+00:00,-0.02107924172562771
2021-08-16 00:00:00+00:00,-0.010181519655959792
2021-08-17 00:00:00+00:00,0.014588057365371701
2021-08-18 00:00:00+00:00,0.0117214532725662
2021-08-19 00:00:00+00:00,-0.01291207084465156
2021-08-20 00:00:00+00:00,-0.003931393251650618
2021-08-21 00:00:00+00:00,0.008141649207768324
2021-08-22 00:00:00+00:00,-0.002904999612737358
2021-08-23 00:00:00+00:00,-0.006004350312782392
2021-08-24 00:00:00+00:00,-0.0037115097326887742
2021-08-25 00:00:00+00:00,-0.020430380378761593
2021-08-26 00:00:00+00:00,0.023226294881558033
2021-08-27 00:00:00+00:00,0.004957171187986291
2021-08-28 00:00:00+00:00,-0.024710567624579058
2021-08-29 00:00:00+00:00,0.007259431460661352
2021-08-30 00:00:00+00:00,0.003640792553971884
2021-08-31 00:00:00+00:00,0.0082944014521649
2021-09-01 00:00:00+00:00,0.001451400170623612
2021-09-02 00:00:00+00:00,0.009173879183731215
2021-09-03 00:00:00+00:00,-0.007962297543776583
2021-09-04 00:00:00+00:00,0.027727155814233743
2021-09-05 00:00:00+00:00,-0.0172137132323906
2021-09-06 00:00:00+00:00,-0.0034407302321486162
2021-09-07 00:00:00+00:00,-0.0033547218694001246
2021-09-08 00:00:00+00:00,0.00297635672804965
2021-09-09 00:00:00+00:00,-0.002146969216362183
2021-09-10 00:00:00+00:00,-0.002269404841833833
2021-09-11 00:00:00+00:00,-0.01239436454369286
2021-09-12 00:00:00+00:00,-0.006763394011070449
2021-09-13 00:00:00+00:00,-0.005968717209774567
2021-09-14 00:00:00+00:00,0.0106888100092414
2021-09-15 00:00:00+00:00,0.011149581006735442
2021-09-16 00:00:00+00:00,-0.0007157412051881517
2021-09-17 00:00:00+00:00,-0.013463350981197109
2021-09-18 00:00:00+00:00,-0.004109789428935574
2021-09-19 00:00:00+00:00,-0.006232102915836358
2021-09-20 00:00:00+00:00,-0.003791562345769842
2021-09-21 00:00:00+00:00,0.010929108666003716
2021-09-22 00:00:00+00:00,0.0003589822534100164
2021-09-23 00:00:00+00:00,-0.0039313638099435005
2021-09-24 00:00:00+00:00,-0.0027113982646196576
2021-09-25 00:00:00+00:00,0.007041622357882152
2021-09-26 00:00:00+00:00,0.004783440284801216
2021-09-27 00:00:00+00:00,0.0031487295389338835
2021-09-28 00:00:00+00:00,-0.0004821272594935263
2021-09-29 00:00:00+00:00,0.011015705886996616
2021-09-30 00:00:00+00:00,0.0028245600725666
2021-10-01 00:00:00+00:00,0.0098686743779052
2021-10-02 00:00:00+00:00,0.014379365588015891
2021-10-03 00:00:00+00:00,0.0004946641303037918
2021-10-04 00:00:00+00:00,-0.012319278601702248
2021-10-05 00:00:00+00:00,0.007449729803522158
2021-10-06 00:00:00+00:00,0.0020524856555494838
2021-10-07 00:00:00+00:00,0.011084340623161241
2021-10-08 00:00:00+00:00,-0.007232155611077541
2021-10-09 00:00:00+00:00,-0.018014014733261672
2021-10-10 00:00:00+00:00,0.0011770911380374913
2021-10-11 00:00:00+00:00,0.004217619850061117
2021-10-12 00:00:00+00:00,0.01916827283614179
2021-10-13 00:00:00+00:00,0.013088013993446808
2021-10-14 00:00:00+00:00,0.0015118120624800252
2021-10-15 00:00:00+00:00,0.001163235198361225
2021-10-16 00:00:00+00:00,0.0011332937067169086
2021-10-17 00:00:00+00:00,-0.00487924947864085
2021-10-18 00:00:00+00:00,0.006482085808433984
2021-10-19 00:00:00+00:00,0.009475285431331524
2021-10-20 00:00:00+00:00,0.005289629907228741
2021-10-21 00:00:00+00:00,0.00106656976203825
2021-10-22 00:00:00+00:00,-0.003965753194932834
2021-10-23 00:00:00+00:00,-0.007927872784223933
2021-10-24 00:00:00+00:00,0.009394786870002192
2021-10-25 00:00:00+00:00,-0.00025922330903009155
2021-10-26 00:00:00+00:00,0.009661672897521581
2021-10-27 00:00:00+00:00,-0.006080561567868584
2021-10-28 00:00:00+00:00,0.011590150396729566
2021-10-29 00:00:00+00:00,0.005261438573542008
2021-10-30 00:00:00+00:00,0.004489901361381658
2021-10-31 00:00:00+00:00,-0.00099252562464365
2021-11-01 00:00:00+00:00,-0.003496169407338511
2021-11-02 00:00:00+00:00,0.023703795502589633
2021-11-03 00:00:00+00:00,-0.004208144232932758
2021-11-04 00:00:00+00:00,-0.009204410988087481
2021-11-05 00:00:00+00:00,0.008800983278931574
2021-11-06 00:00:00+00:00,-0.0015247109097227915
2021-11-07 00:00:00+00:00,0.008422174030629783
2021-11-08 00:00:00+00:00,0.007705335209971025
2021-11-09 00:00:00+00:00,-0.021584873811426347
2021-11-10 00:00:00+00:00,-0.018683473570642335
2021-11-11 00:00:00+00:00,-0.008940480192915191
2021-11-12 00:00:00+00:00,0.02226714523765368
2021-11-13 00:00:00+00:00,0.0023947795007470416
2021-11-14 00:00:00+00:00,0.000480451551843566
2021-11-15 00:00:00+00:00,-0.010675283308249224
2021-11-16 00:00:00+00:00,-0.0018632195295462835
2021-11-17 00:00:00+00:00,-0.0007197723053438665
2021-11-18 00:00:00+00:00,0.012442577140406225
2021-11-19 00:00:00+00:00,0.0010936026078158247
2021-11-20 00:00:00+00:00,-0.002572183443556983
2021-11-21 00:00:00+00:00,0.001742941437921753
2021-11-22 00:00:00+00:00,0.006939535877374875
2021-11-23 00:00:00+00:00,0.017416230573161485
2021-11-24 00:00:00+00:00,0.024902198297074893
2021-11-25 00:00:00+00:00,0.025953736983946523
2021-11-26 00:00:00+00:00,0.006092246550273017
2021-11-27 00:00:00+00:00,-0.006955079182734992
2021-11-28 00:00:00+00:00,0.0016989123185463416
2021-11-29 00:00:00+00:00,-0.00021152509648514925
2021-11-30 00:00:00+00:00,-0.0065194531677957085
2021-12-01 00:00:00+00:00,0.009674806298996008
2021-12-02 00:00:00+00:00,0.00577599556848805
2021-12-03 00:00:00+00:00,-0.014327916687414474
2021-12-04 00:00:00+00:00,0.005841975225121657
2021-12-05 00:00:00+00:00,-0.010630162560358985
2021-12-06 00:00:00+00:00,-0.01009993409845789
2021-12-07 00:00:00+00:00,-0.000504886255932029
2021-12-08 00:00:00+00:00,0.012546155826983957
2021-12-09 00:00:00+00:00,-0.005320057744542333
2021-12-10 00:00:00+00:00,0.003716033388325525
2021-12-11 00:00:00+00:00,-0.0018562134253335288
2021-12-12 00:00:00+00:00,0.0011636244734807668
2021-12-13 00:00:00+00:00,0.003398028628294374
2021-12-14 00:00:00+00:00,0.002657700427909138
2021-12-15 00:00:00+00:00,-0.007839049026411367
2021-12-16 00:00:00+00:00,0.007554821749305459
2021-12-17 00:00:00+00:00,0.00027563934661408725
2021-12-18 00:00:00+00:00,0.011848224206087306
2021-12-19 00:00:00+00:00,-0.0027540184065074995
2021-12-20 00:00:00+00:00,-0.0017271662116612504
2021-12-21 00:00:00+00:00,-0.0068525440078900995
2021-12-22 00:00:00+00:00,0.004391653893468833
2021-12-23 00:00:00+00:00,0.004145160306182233
2021-12-24 00:00:00+00:00,-0.015511336038922517
2021-12-25 00:00:00+00:00,-0.004281615072320357
2021-12-26 00:00:00+00:00,0.01252661837335011
2021-12-27 00:00:00+00:00,-0.0009660924600589752
2021-12-28 00:00:00+00:00,-0.01736587803709485
2021-12-29 00:00:00+00:00,-0.003993085333865808
2021-12-30 00:00:00+00:00,0.00051757470663895
2021-12-31 00:00:00+00:00,-0.005351414141061908
2022-01-01 00:00:00+00:00,0.008027850120509666
2022-01-02 00:00:00+00:00,0.01472745776604071
2022-01-03 00:00:00+00:00,-0.0011255939478030418
2022-01-04 00:00:00+00:00,-0.0015778989802029246
2022-01-05 00:00:00+00:00,-0.0079691469765855
2022-01-06 00:00:00+00:00,-0.01982139475449324
2022-01-07 00:00:00+00:00,-0.006118613090282316
2022-01-08 00:00:00+00:00,-0.015496504162998711
2022-01-09 00:00:00+00:00,-4.132838961697393e-06
2022-01-10 00:00:00+00:00,-0.009406134177013284
2022-01-11 00:00:00+00:00,-0.002488455257976367
2022-01-12 00:00:00+00:00,0.008514019597742466
2022-01-13 00:00:00+00:00,0.007765909694036626
2022-01-14 00:00:00+00:00,0.007235901484575508
2022-01-15 00:00:00+00:00,0.005462359449368009
2022-01-16 00:00:00+00:00,-0.008265295700784657
2022-01-17 00:00:00+00:00,-0.006215934061456767
2022-01-18 00:00:00+00:00,-0.0039338083474350005
2022-01-19 00:00:00+00:00,-0.005950373808001833
2022-01-20 00:00:00+00:00,0.0028795227360041745
2022-01-21 00:00:00+00:00,0.003575346983908641
2022-01-22 00:00:00+00:00,0.0070899759599769565
2022-01-23 00:00:00+00:00,0.008864103072241091
2022-01-24 00:00:00+00:00,-0.005514322446290249
2022-01-25 00:00:00+00:00,-0.00023304386409458326
2022-01-26 00:00:00+00:00,0.008970123777180766
2022-01-27 00:00:00+00:00,0.0018865400500104087
2022-01-28 00:00:00+00:00,-0.00285854052607005
2022-01-29 00:00:00+00:00,-0.006538182234918358
2022-01-30 00:00:00+00:00,0.004834579003501391
2022-01-31 00:00:00+00:00,-0.0054753887316236665
2022-02-01 00:00:00+00:00,0.005085148273682466
2022-02-02 00:00:00+00:00,0.006062947780302117
2022-02-03 00:00:00+00:00,-0.0008766619102288918
2022-02-04 00:00:00+00:00,-0.00015325253824557915
2022-02-05 00:00:00+00:00,0.0007803614485579331
2022-02-06 00:00:00+00:00,0.0026500183932342165
2022-02-07 00:00:00+00:00,-0.0009676823632427906
2022-02-08 00:00:00+00:00,-0.02064562221438727
2022-02-09 00:00:00+00:00,-0.018072171753996245
2022-02-10 00:00:00+00:00,0.006493031768196283
2022-02-11 00:00:00+00:00,0.019867459990888438
2022-02-12 00:00:00+00:00,0.00427883492002925
2022-02-13 00:00:00+00:00,-0.00784850787025385
2022-02-14 00:00:00+00:00,0.0002685193966827915
2022-02-15 00:00:00+00:00,0.00013805644567904183
2022-02-16 00:00:00+00:00,-0.002091123905877108
2022-02-17 00:00:00+00:00,0.003560386548329375
2022-02-18 00:00:00+00:00,0.0020137991814002496
2022-02-19 00:00:00+00:00,-0.00048109869512932515
2022-02-20 00:00:00+00:00,-0.005825724128225033
2022-02-21 00:00:00+00:00,0.005608829241004275
2022-02-22 00:00:00+00:00,0.009584736119227258
2022-02-23 00:00:00+00:00,-0.0035962733090337665
2022-02-24 00:00:00+00:00,-0.0007362247912077257
2022-02-25 00:00:00+00:00,-0.004950196653810583
2022-02-26 00:00:00+00:00,-0.004629075736842175
2022-02-27 00:00:00+00:00,0.00681145104949275
2022-02-28 00:00:00+00:00,0.007909953627034175
2022-03-01 00:00:00+00:00,0.00905759832491099
2022-03-02 00:00:00+00:00,0.0020705271687246752
2022-03-03 00:00:00+00:00,0.005500766098645058
2022-03-04 00:00:00+00:00,0.0029229183309034423
2022-03-05 00:00:00+00:00,0.0017826078566705664
2022-03-06 00:00:00+00:00,-0.006461261410807709
2022-03-07 00:00:00+00:00,0.008111848475255043
2022-03-08 00:00:00+00:00,0.027600929323917996
2022-03-09 00:00:00+00:00,-0.004852196817583641
2022-03-10 00:00:00+00:00,0.01705905663181009
2022-03-11 00:00:00+00:00,0.002859440310007242
2022-03-12 00:00:00+00:00,-0.0011941080501407751
2022-03-13 00:00:00+00:00,0.00842109119539725
2022-03-14 00:00:00+00:00,0.0027707873021291496
2022-03-15 00:00:00+00:00,-0.007522973075844825
2022-03-16 00:00:00+00:00,-0.0016805321497502925
2022-03-17 00:00:00+00:00,0.0003430502152350418
2022-03-18 00:00:00+00:00,0.0018861999041290334
2022-03-19 00:00:00+00:00,0.016001547900271817
2022-03-20 00:00:00+00:00,0.0011038965897217498
2022-03-21 00:00:00+00:00,0.0015097417526974404
2022-03-22 00:00:00+00:00,-0.0051307855858829165
2022-03-23 00:00:00+00:00,0.010777599145872304
2022-03-24 00:00:00+00:00,0.004024386490809182
2022-03-25 00:00:00+00:00,-0.004805951548262133
2022-03-26 00:00:00+00:00,0.0010534722334650164
2022-03-27 00:00:00+00:00,0.0029916877591653415
2022-03-28 00:00:00+00:00,-0.0062816719997920755
2022-03-29 00:00:00+00:00,0.0263876795654843
2022-03-30 00:00:00+00:00,0.014731204370207985
2022-03-31 00:00:00+00:00,0.07493963848315147
2022-04-01 00:00:00+00:00,0.011027034065094816
2022-04-02 00:00:00+00:00,-0.006496770865703216
2022-04-03 00:00:00+00:00,-0.007959590659113116
2022-04-04 00:00:00+00:00,-0.007413467066709833
2022-04-05 00:00:00+00:00,-0.028519907917070025
2022-04-06 00:00:00+00:00,-0.011677483925992875
2022-04-07 00:00:00+00:00,0.008729325885391959
2022-04-08 00:00:00+00:00,-0.001964894669574188
2022-04-09 00:00:00+00:00,-0.0014465640978237413
2022-04-10 00:00:00+00:00,-0.005565071233349983
2022-04-11 00:00:00+00:00,-0.0032807272441088674
2022-04-12 00:00:00+00:00,0.011889851129458168
2022-04-13 00:00:00+00:00,-0.0026562102154199883
2022-04-14 00:00:00+00:00,-0.004375236263895417
2022-04-15 00:00:00+00:00,-0.009866557262925553
2022-04-16 00:00:00+00:00,0.0003191753878639165
2022-04-17 00:00:00+00:00,-0.015974875542252704
2022-04-18 00:00:00+00:00,0.0014205504957958746
2022-04-19 00:00:00+00:00,0.008781543691549543
2022-04-20 00:00:00+00:00,-0.007129877483226892
2022-04-21 00:00:00+00:00,-0.01600391538687536
2022-04-22 00:00:00+00:00,0.005033193889581933
2022-04-23 00:00:00+00:00,0.002219437578909175
2022-04-24 00:00:00+00:00,0.0013594702445252915
2022-04-25 00:00:00+00:00,-0.0021215045074766668
2022-04-26 00:00:00+00:00,0.0037985276315389335
2022-04-27 00:00:00+00:00,-0.003282166696276725
2022-04-28 00:00:00+00:00,0.001806554286781858
2022-04-29 00:00:00+00:00,0.002264919000878975
2022-04-30 00:00:00+00:00,-0.00686159799056555
2022-05-01 00:00:00+00:00,0.011222320347363252
2022-05-02 00:00:00+00:00,-0.00042396973334693353
2022-05-03 00:00:00+00:00,-0.004482549358499191
2022-05-04 00:00:00+00:00,-0.006619838250421434
2022-05-05 00:00:00+00:00,0.018372505304512055
2022-05-06 00:00:00+00:00,0.004756704474203525
2022-05-07 00:00:00+00:00,-0.011093980685075258
2022-05-08 00:00:00+00:00,-0.00259199083506645
2022-05-09 00:00:00+00:00,-0.004371304500201283
2022-05-10 00:00:00+00:00,0.025756919262080097
2022-05-11 00:00:00+00:00,-0.008585379267711966
2022-05-12 00:00:00+00:00,-0.02199780426434037
2022-05-13 00:00:00+00:00,-0.002342167826770735
2022-05-14 00:00:00+00:00,0.01630963486311281
2022-05-15 00:00:00+00:00,-0.0010863502864112001
2022-05-16 00:00:00+00:00,-0.010883586401671875
2022-05-17 00:00:00+00:00,-0.0016727751154173665
2022-05-18 00:00:00+00:00,-0.004087616074918642
2022-05-19 00:00:00+00:00,0.011628710805292
2022-05-20 00:00:00+00:00,-0.010483611157179759
2022-05-21 00:00:00+00:00,0.007673105820452148
2022-05-22 00:00:00+00:00,0.0035330157096788335
2022-05-23 00:00:00+00:00,-0.0007004861537568082
2022-05-24 00:00:00+00:00,-0.003998216923661342
2022-05-25 00:00:00+00:00,-0.004958150847885758
2022-05-26 00:00:00+00:00,-0.0013657784576179748
2022-05-27 00:00:00+00:00,-0.015954409158964265
2022-05-28 00:00:00+00:00,0.008637598840766517
2022-05-29 00:00:00+00:00,0.0011418388922418915
2022-05-30 00:00:00+00:00,0.003863694487229209
2022-05-31 00:00:00+00:00,0.03765581829965775
2022-06-01 00:00:00+00:00,0.024641799912932225
2022-06-02 00:00:00+00:00,0.0064103987556015435
2022-06-03 00:00:00+00:00,0.004068334328726433
2022-06-04 00:00:00+00:00,0.008335610598185926
2022-06-05 00:00:00+00:00,-0.011197256445028581
2022-06-06 00:00:00+00:00,-0.011539889405774875
2022-06-07 00:00:00+00:00,-0.003826651067952275
2022-06-08 00:00:00+00:00,-0.013049626900859016
2022-06-09 00:00:00+00:00,0.0028444654656720747
2022-06-10 00:00:00+00:00,-0.0036440848854953248
2022-06-11 00:00:00+00:00,0.008380741880008391
2022-06-12 00:00:00+00:00,0.00471352416913285
2022-06-13 00:00:00+00:00,0.005159958019524509
2022-06-14 00:00:00+00:00,0.017180625427979726
2022-06-15 00:00:00+00:00,-0.017426929203018176
2022-06-16 00:00:00+00:00,0.011199921405626515
2022-06-17 00:00:00+00:00,0.006562855476416842
2022-06-18 00:00:00+00:00,-0.0021886975310384583
2022-06-19 00:00:00+00:00,0.016950265452790863
2022-06-20 00:00:00+00:00,-0.021367506036713318
2022-06-21 00:00:00+00:00,0.014167761326443708
2022-06-22 00:00:00+00:00,0.022009650249005405
2022-06-23 00:00:00+00:00,-0.005675040438777333
2022-06-24 00:00:00+00:00,-0.009167545888329874
2022-06-25 00:00:00+00:00,-0.006153998274382649
2022-06-26 00:00:00+00:00,-0.02295263208401715
2022-06-27 00:00:00+00:00,0.005773925717020234
2022-06-28 00:00:00+00:00,0.0024897745598838083
2022-06-29 00:00:00+00:00,0.012342823752547685
2022-06-30 00:00:00+00:00,-0.0023486844862884416
2022-07-01 00:00:00+00:00,-0.003984123037320475
2022-07-02 00:00:00+00:00,0.012600804756864334
2022-07-03 00:00:00+00:00,0.01283601622814144
2022-07-04 00:00:00+00:00,-0.0022639959893953165
2022-07-05 00:00:00+00:00,-0.004733889414468283
2022-07-06 00:00:00+00:00,-0.00025742027666253334
2022-07-07 00:00:00+00:00,-0.005622948747940907
2022-07-08 00:00:00+00:00,-0.012908743673538293
2022-07-09 00:00:00+00:00,-0.006298981839929492
2022-07-10 00:00:00+00:00,-0.013148638105372418
2022-07-11 00:00:00+00:00,-0.0014806387484676872
2022-07-12 00:00:00+00:00,0.0013981541724351419
2022-07-13 00:00:00+00:00,0.006267456049758317
2022-07-14 00:00:00+00:00,-0.01137934042651873
2022-07-15 00:00:00+00:00,-0.015844346776447003
2022-07-16 00:00:00+00:00,-0.0039081463511048175
2022-07-17 00:00:00+00:00,-0.008085179219083761
2022-07-18 00:00:00+00:00,-0.002267564563768042
2022-07-19 00:00:00+00:00,0.0014045626749108336
2022-07-20 00:00:00+00:00,-0.0026080849295026585
2022-07-21 00:00:00+00:00,-0.01182400175118696
2022-07-22 00:00:00+00:00,0.028367011755924234
2022-07-23 00:00:00+00:00,-0.0011003135412795998
2022-07-24 00:00:00+00:00,0.0014999073414133585
2022-07-25 00:00:00+00:00,-0.002607237220578476
2022-07-26 00:00:00+00:00,-0.0045831463813659715
2022-07-27 00:00:00+00:00,0.005667387553353526
2022-07-28 00:00:00+00:00,0.029102860075220494
2022-07-29 00:00:00+00:00,0.018687869213197802
2022-07-30 00:00:00+00:00,-0.0076538492369843504
2022-07-31 00:00:00+00:00,-0.0018357829949350816
2022-08-01 00:00:00+00:00,-0.0061276252077143495
2022-08-02 00:00:00+00:00,0.005494597719810501
2022-08-03 00:00:00+00:00,0.006467760795805171
2022-08-04 00:00:00+00:00,0.0036523675104667003
2022-08-05 00:00:00+00:00,0.006982920957207684
2022-08-06 00:00:00+00:00,0.00117203378863645
2022-08-07 00:00:00+00:00,-0.01830612502271211
2022-08-08 00:00:00+00:00,0.00115665038688465
2022-08-09 00:00:00+00:00,0.00749477187035615
2022-08-10 00:00:00+00:00,-0.0031526542955994923
2022-08-11 00:00:00+00:00,0.0011229733977040498
2022-08-12 00:00:00+00:00,-0.003594180639804851
2022-08-13 00:00:00+00:00,-0.008107384282680092
2022-08-14 00:00:00+00:00,0.002776390103797467
2022-08-15 00:00:00+00:00,-0.005037985989636825
2022-08-16 00:00:00+00:00,0.0023838098340455333
2022-08-17 00:00:00+00:00,0.001038270783989817
2022-08-18 00:00:00+00:00,0.001706885008432458
2022-08-19 00:00:00+00:00,0.00458296970198905
2022-08-20 00:00:00+00:00,0.023598312634901277
2022-08-21 00:00:00+00:00,-0.005557982819594823
2022-08-22 00:00:00+00:00,-0.004750903377741224
2022-08-23 00:00:00+00:00,-0.0052871957942880335
2022-08-24 00:00:00+00:00,0.016206815660892375
2022-08-25 00:00:00+00:00,0.0037167366956719
2022-08-26 00:00:00+00:00,3.179718299718837e-05
2022-08-27 00:00:00+00:00,0.00903300713016055
2022-08-28 00:00:00+00:00,-0.004746307100027141
2022-08-29 00:00:00+00:00,-0.0002982460841943749
2022-08-30 00:00:00+00:00,-0.004430361638969858
2022-08-31 00:00:00+00:00,0.015511926380984226
2022-09-01 00:00:00+00:00,0.003620152186721333
2022-09-02 00:00:00+00:00,-0.015558262097511558
2022-09-03 00:00:00+00:00,-0.01501051179175434
2022-09-04 00:00:00+00:00,-0.011449685151713518
2022-09-05 00:00:00+00:00,0.0030626614472724412
2022-09-06 00:00:00+00:00,0.02053002717023495
2022-09-07 00:00:00+00:00,0.016102038499028352
2022-09-08 00:00:00+00:00,-0.01346310362187581
2022-09-09 00:00:00+00:00,-0.00033071804458780835
2022-09-10 00:00:00+00:00,-0.01355306442982985
2022-09-11 00:00:00+00:00,-0.009265784042034474
2022-09-12 00:00:00+00:00,-0.002777232504689508
2022-09-13 00:00:00+00:00,-0.0008403532304288586
2022-09-14 00:00:00+00:00,0.01738029461943647
2022-09-15 00:00:00+00:00,0.003517823695424966
2022-09-16 00:00:00+00:00,-0.006361637329376134
2022-09-17 00:00:00+00:00,-0.005442042454985249
2022-09-18 00:00:00+00:00,-0.003960742924905992
2022-09-19 00:00:00+00:00,0.0025348880826047745
2022-09-20 00:00:00+00:00,0.001556147423931775
2022-09-21 00:00:00+00:00,0.005642201382929525
2022-09-22 00:00:00+00:00,0.00042884267161853295
2022-09-23 00:00:00+00:00,-0.01190744458559545
2022-09-24 00:00:00+00:00,-0.010322955309410742
2022-09-25 00:00:00+00:00,-0.00024976559162974166
2022-09-26 00:00:00+00:00,-0.007450618531789333
2022-09-27 00:00:00+00:00,0.005991675905420625
2022-09-28 00:00:00+00:00,-0.0047732324193842
2022-09-29 00:00:00+00:00,-0.0015966154397120272
2022-09-30 00:00:00+00:00,0.009375541736661467
2022-10-01 00:00:00+00:00,0.004607152986071166
2022-10-02 00:00:00+00:00,0.004985129318168984
2022-10-03 00:00:00+00:00,0.001119019476816433
2022-10-04 00:00:00+00:00,-0.0013544718565780666
2022-10-05 00:00:00+00:00,-0.0015436803735587833
2022-10-06 00:00:00+00:00,0.0021247228187004585
2022-10-07 00:00:00+00:00,0.00274303801028055
2022-10-08 00:00:00+00:00,0.004285422023717959
2022-10-09 00:00:00+00:00,0.0019435135654142831
2022-10-10 00:00:00+00:00,-0.0006193317787472832
2022-10-11 00:00:00+00:00,-0.00156772852337615
2022-10-12 00:00:00+00:00,0.0029057398124265415
2022-10-13 00:00:00+00:00,0.00037526217488772503
2022-10-14 00:00:00+00:00,-0.00677683277578934
2022-10-15 00:00:00+00:00,0.000903570381374005
2022-10-16 00:00:00+00:00,-0.0037330546918423343
2022-10-17 00:00:00+00:00,0.0020203508150642585
2022-10-18 00:00:00+00:00,0.00016445917743270833
2022-10-19 00:00:00+00:00,-0.005472115718530183
2022-10-20 00:00:00+00:00,-0.00120844100055435
2022-10-21 00:00:00+00:00,-0.0016402721422535077
2022-10-22 00:00:00+00:00,0.0016255810763282665
2022-10-23 00:00:00+00:00,0.007052827902162967
2022-10-24 00:00:00+00:00,-0.009183485764339734
2022-10-25 00:00:00+00:00,0.0018161510179394143
2022-10-26 00:00:00+00:00,0.008711507538421115
2022-10-27 00:00:00+00:00,-0.008557051387590634
2022-10-28 00:00:00+00:00,0.00028351863496705834
2022-10-29 00:00:00+00:00,-0.0001638865597314668
2022-10-30 00:00:00+00:00,-0.012716094605972533
2022-10-31 00:00:00+00:00,0.009944814014419491
2022-11-01 00:00:00+00:00,0.009593369514754042
2022-11-02 00:00:00+00:00,-0.003934155791002775
2022-11-03 00:00:00+00:00,-0.020798437971445684
2022-11-04 00:00:00+00:00,-0.010596332285028773
2022-11-05 00:00:00+00:00,-0.00793205253578045
2022-11-06 00:00:00+00:00,0.0096211026326855
2022-11-07 00:00:00+00:00,-0.0002431431686929002
2022-11-08 00:00:00+00:00,-0.01541918869891549
2022-11-09 00:00:00+00:00,0.025381325350346113
2022-11-10 00:00:00+00:00,-0.005981745830438225
2022-11-11 00:00:00+00:00,0.03330982495613933
2022-11-12 00:00:00+00:00,-0.008540869393017958
2022-11-13 00:00:00+00:00,0.010409799507043894
2022-11-14 00:00:00+00:00,0.0028617837013640082
2022-11-15 00:00:00+00:00,-0.005509737966870774
2022-11-16 00:00:00+00:00,-0.006405516646564301
2022-11-17 00:00:00+00:00,0.0042222574026039164
2022-11-18 00:00:00+00:00,-0.004061683077117442
2022-11-19 00:00:00+00:00,0.0006482781924120751
2022-11-20 00:00:00+00:00,-0.008675018251424908
2022-11-21 00:00:00+00:00,0.0005701178761509249
2022-11-22 00:00:00+00:00,0.0032506727870774805
2022-11-23 00:00:00+00:00,-0.01305876200979881
2022-11-24 00:00:00+00:00,-0.0028866904954780834
2022-11-25 00:00:00+00:00,0.0057187170296862004
2022-11-26 00:00:00+00:00,0.005231288346833733
2022-11-27 00:00:00+00:00,0.0041361524308872084
2022-11-28 00:00:00+00:00,-0.00536764331455265
2022-11-29 00:00:00+00:00,-0.015159414810703811
2022-11-30 00:00:00+00:00,-0.006321172962783208
2022-12-01 00:00:00+00:00,-0.0037392709911561917
2022-12-02 00:00:00+00:00,0.00949196015713455
2022-12-03 00:00:00+00:00,0.000744065911569775
2022-12-04 00:00:00+00:00,0.0071728175909759675
2022-12-05 00:00:00+00:00,0.0007705063204768468
2022-12-06 00:00:00+00:00,-0.004141546251426442
2022-12-07 00:00:00+00:00,0.013527595050485832
2022-12-08 00:00:00+00:00,0.006316082814840716
2022-12-09 00:00:00+00:00,0.005915855428350293
2022-12-10 00:00:00+00:00,0.0006202247254011916
2022-12-11 00:00:00+00:00,-0.0018023406858324086
2022-12-12 00:00:00+00:00,-0.0023580992539038665
2022-12-13 00:00:00+00:00,-0.0027320995914843008
2022-12-14 00:00:00+00:00,0.0037941722613005512
2022-12-15 00:00:00+00:00,0.0021568417160750665
2022-12-16 00:00:00+00:00,-0.0015831743722690562
2022-12-17 00:00:00+00:00,-0.0012497197854570163
2022-12-18 00:00:00+00:00,0.007686271058887632
2022-12-19 00:00:00+00:00,-0.002998153995479225
2022-12-20 00:00:00+00:00,-0.009784605964405075
2022-12-21 00:00:00+00:00,0.002786999026040049
2022-12-22 00:00:00+00:00,0.0017425514259734555
2022-12-23 00:00:00+00:00,0.002572076515233725
2022-12-24 00:00:00+00:00,0.004718025675848084
2022-12-25 00:00:00+00:00,-0.0011133433171314248
2022-12-26 00:00:00+00:00,-0.005983476748783849
2022-12-27 00:00:00+00:00,0.0005404226534299167
2022-12-28 00:00:00+00:00,0.003221803736634675
2022-12-29 00:00:00+00:00,-0.005485733856161876
2022-12-30 00:00:00+00:00,0.0025056446125360085
2022-12-31 00:00:00+00:00,0.0025422586302490746
2023-01-01 00:00:00+00:00,-0.005747279019479285
2023-01-02 00:00:00+00:00,-0.003371172521833683
2023-01-03 00:00:00+00:00,-0.0027741778465783084
2023-01-04 00:00:00+00:00,0.0003716231159910833
2023-01-05 00:00:00+00:00,0.007810132868707933
2023-01-06 00:00:00+00:00,-0.0011666792231967988
2023-01-07 00:00:00+00:00,0.004357232928518125
2023-01-08 00:00:00+00:00,-0.0020006800136183165
2023-01-09 00:00:00+00:00,0.005593885346612984
2023-01-10 00:00:00+00:00,-0.010463438339693758
2023-01-11 00:00:00+00:00,0.0008533006918376415
2023-01-12 00:00:00+00:00,-0.0056256752846751586
2023-01-13 00:00:00+00:00,-0.0011263282250043585
2023-01-14 00:00:00+00:00,0.005413705909747283
2023-01-15 00:00:00+00:00,0.00066981620221535
2023-01-16 00:00:00+00:00,-0.001959290234834975
2023-01-17 00:00:00+00:00,-0.0025471051867488165
2023-01-18 00:00:00+00:00,-0.008353680223145699
2023-01-19 00:00:00+00:00,-0.004986530268191208
2023-01-20 00:00:00+00:00,0.00402410973791515
2023-01-21 00:00:00+00:00,-0.0061641691134878334
2023-01-22 00:00:00+00:00,-0.0008407286095474667
2023-01-23 00:00:00+00:00,-0.011383713883022633
2023-01-24 00:00:00+00:00,0.014527450870554959
2023-01-25 00:00:00+00:00,-0.001811530945343625
2023-01-26 00:00:00+00:00,-0.0006665018860013084
2023-01-27 00:00:00+00:00,-0.0009100819679909083
2023-01-28 00:00:00+00:00,-0.004644907583122716
2023-01-29 00:00:00+00:00,-0.0016997069526857001
2023-01-30 00:00:00+00:00,0.0036780162771442755
2023-01-31 00:00:00+00:00,-0.00018342598818704204
2023-02-01 00:00:00+00:00,0.003565619996734917
2023-02-02 00:00:00+00:00,-0.00580078868808567
2023-02-03 00:00:00+00:00,0.0021334346418466835
2023-02-04 00:00:00+00:00,0.0069851720861412335
2023-02-05 00:00:00+00:00,-0.0006597637691848447
2023-02-06 00:00:00+00:00,0.000876696719395104
2023-02-07 00:00:00+00:00,-0.0006740848025920556
2023-02-08 00:00:00+00:00,0.0009633389787757168
2023-02-09 00:00:00+00:00,-0.011747667258319326
2023-02-10 00:00:00+00:00,-0.006939218349420692
2023-02-11 00:00:00+00:00,0.00036766512640407496
2023-02-12 00:00:00+00:00,-0.0016613238205017164
2023-02-13 00:00:00+00:00,0.002339985006609883
2023-02-14 00:00:00+00:00,0.014960088115865801
2023-02-15 00:00:00+00:00,-0.010932313520569968
2023-02-16 00:00:00+00:00,0.005645993872954599
2023-02-17 00:00:00+00:00,-0.004740177669430634
2023-02-18 00:00:00+00:00,-0.024953183199059287
2023-02-19 00:00:00+00:00,-0.0043245616730510665
2023-02-20 00:00:00+00:00,-0.01587889207582006
2023-02-21 00:00:00+00:00,0.007302815376887358
2023-02-22 00:00:00+00:00,0.002153661700157208
2023-02-23 00:00:00+00:00,-0.00032757998526470846
2023-02-24 00:00:00+00:00,-0.002729184519202092
2023-02-25 00:00:00+00:00,0.005329827252890491
2023-02-26 00:00:00+00:00,0.0024247369236120218
2023-02-27 00:00:00+00:00,0.002145312031333892
2023-02-28 00:00:00+00:00,0.0009304824045439584
2023-03-01 00:00:00+00:00,-0.003657245270079516
2023-03-02 00:00:00+00:00,-0.008860526403242924
2023-03-03 00:00:00+00:00,-0.0030808373465072334
2023-03-04 00:00:00+00:00,-0.014031597718359082
2023-03-05 00:00:00+00:00,0.009652921797934694
2023-03-06 00:00:00+00:00,0.0023221192065599667
2023-03-07 00:00:00+00:00,0.002766191683969225
2023-03-08 00:00:00+00:00,0.007302696791975625
2023-03-09 00:00:00+00:00,0.0030042578743318753
2023-03-10 00:00:00+00:00,-0.0023563599855601415
2023-03-11 00:00:00+00:00,0.01618789147395584
2023-03-12 00:00:00+00:00,0.008062059600033833
2023-03-13 00:00:00+00:00,0.0007336813188756167
2023-03-14 00:00:00+00:00,-0.0030973475561639915
2023-03-15 00:00:00+00:00,-0.011718730093220692
2023-03-16 00:00:00+00:00,0.0015719172865530165
2023-03-17 00:00:00+00:00,0.010984870072680716
2023-03-18 00:00:00+00:00,-0.005936080739628758
2023-03-19 00:00:00+00:00,-0.008079287421463474
2023-03-20 00:00:00+00:00,0.0007613379108512833
2023-03-21 00:00:00+00:00,0.0028404060972704666
2023-03-22 00:00:00+00:00,-0.018779470500223664
2023-03-23 00:00:00+00:00,-3.957581658356685e-05
2023-03-24 00:00:00+00:00,-0.009698154287369143
2023-03-25 00:00:00+00:00,-0.006023302258824809
2023-03-26 00:00:00+00:00,0.006030837029070941
2023-03-27 00:00:00+00:00,0.002361080534554742
2023-03-28 00:00:00+00:00,-0.0012392676680485
2023-03-29 00:00:00+00:00,0.0062485202721867085
2023-03-30 00:00:00+00:00,-0.008173303200469783
2023-03-31 00:00:00+00:00,0.0011010946107106083
2023-04-01 00:00:00+00:00,0.03639314854748328
2023-04-02 00:00:00+00:00,0.007935051883352608
2023-04-03 00:00:00+00:00,0.005206098470430925
2023-04-04 00:00:00+00:00,0.03963812302469182
2023-04-05 00:00:00+00:00,-0.023748844043360706
2023-04-06 00:00:00+00:00,-0.007607526233634508
2023-04-07 00:00:00+00:00,-0.003980709398359525
2023-04-08 00:00:00+00:00,-0.0013122068263417168
2023-04-09 00:00:00+00:00,-0.004278691320575433
2023-04-10 00:00:00+00:00,-0.0013797734701658365
2023-04-11 00:00:00+00:00,0.0032296199681688827
2023-04-12 00:00:00+00:00,-0.0016871697795877002
2023-04-13 00:00:00+00:00,-0.012159528741190516
2023-04-14 00:00:00+00:00,-0.001797780787143183
2023-04-15 00:00:00+00:00,0.010155139649615659
2023-04-16 00:00:00+00:00,0.004473736751694533
2023-04-17 00:00:00+00:00,-0.004752590494561966
2023-04-18 00:00:00+00:00,-0.004704842938230091
2023-04-19 00:00:00+00:00,-0.002445977259054625
2023-04-20 00:00:00+00:00,0.005196265951034069
2023-04-21 00:00:00+00:00,-0.005993699191031716
2023-04-22 00:00:00+00:00,0.006070930800757533
2023-04-23 00:00:00+00:00,0.018704437985147277
2023-04-24 00:00:00+00:00,-0.006679506231052799
2023-04-25 00:00:00+00:00,-0.0004112276642948833
2023-04-26 00:00:00+00:00,0.0022200825005603835
2023-04-27 00:00:00+00:00,0.00802827381440565
2023-04-28 00:00:00+00:00,-0.003165222907253158
2023-04-29 00:00:00+00:00,-0.0037433038247787
2023-04-30 00:00:00+00:00,-0.005457775866531692
2023-05-01 00:00:00+00:00,0.008982664459231524
2023-05-02 00:00:00+00:00,-0.0035088464257211666
2023-05-03 00:00:00+00:00,0.0008183853648710983
2023-05-04 00:00:00+00:00,-0.0003395582927775251
2023-05-05 00:00:00+00:00,-0.0008590945868063917
2023-05-06 00:00:00+00:00,0.0013835818900712667
2023-05-07 00:00:00+00:00,-0.0012256345674401664
2023-05-08 00:00:00+00:00,-0.0018428433073873
2023-05-09 00:00:00+00:00,0.004464995194838759
2023-05-10 00:00:00+00:00,-0.0050829803624882165
2023-05-11 00:00:00+00:00,-0.0012688078147900252
2023-05-12 00:00:00+00:00,0.0010873706674653714
2023-05-13 00:00:00+00:00,0.003392650833911433
2023-05-14 00:00:00+00:00,-0.0008144954116105083
2023-05-15 00:00:00+00:00,-0.0011728019239643833
2023-05-16 00:00:00+00:00,-0.0022869757216570415
2023-05-17 00:00:00+00:00,0.0008503908042129332
2023-05-18 00:00:00+00:00,-0.0035417837049933503
2023-05-19 00:00:00+00:00,0.003274515674327142
2023-05-20 00:00:00+00:00,0.0036465469743995334
2023-05-21 00:00:00+00:00,0.002304594811495875
2023-05-22 00:00:00+00:00,-0.0009301093577505085
2023-05-23 00:00:00+00:00,0.0022816246115599918
2023-05-24 00:00:00+00:00,-0.0005616667603808109
2023-05-25 00:00:00+00:00,-0.002964660019529625
2023-05-26 00:00:00+00:00,-0.000264504078403325
2023-05-27 00:00:00+00:00,-0.0031520047798403745
2023-05-28 00:00:00+00:00,0.002218255408013042
2023-05-29 00:00:00+00:00,0.0037715845358276836
2023-05-30 00:00:00+00:00,-0.000384473952589875
2023-05-31 00:00:00+00:00,0.0028943490492421837
2023-06-01 00:00:00+00:00,-0.0007885609597984084
2023-06-02 00:00:00+00:00,-0.002120791619765142
2023-06-03 00:00:00+00:00,0.011980660570700942
2023-06-04 00:00:00+00:00,-0.0011701770038304168
2023-06-05 00:00:00+00:00,0.00046002398278601674
2023-06-06 00:00:00+00:00,-0.0057649951004762915
2023-06-07 00:00:00+00:00,0.002748148593026909
2023-06-08 00:00:00+00:00,-0.008645884500276509
2023-06-09 00:00:00+00:00,0.0006726845722164251
2023-06-10 00:00:00+00:00,-0.0098075824720873
2023-06-11 00:00:00+00:00,0.026042284700072377
2023-06-12 00:00:00+00:00,-0.0014202542391794522
2023-06-13 00:00:00+00:00,-0.0017716829133543768
2023-06-14 00:00:00+00:00,0.006915586248002841
2023-06-15 00:00:00+00:00,-0.0029606568753293085
2023-06-16 00:00:00+00:00,-0.007231213642272675
2023-06-17 00:00:00+00:00,-0.0005527501956116334
2023-06-18 00:00:00+00:00,0.004911995951736575
2023-06-19 00:00:00+00:00,0.0014411904089746085
2023-06-20 00:00:00+00:00,-0.002015415234857469
2023-06-21 00:00:00+00:00,-0.00012414959453394166
2023-06-22 00:00:00+00:00,-0.005531851126993718
2023-06-23 00:00:00+00:00,-0.006449063268849125
2023-06-24 00:00:00+00:00,0.009214223581849278
2023-06-25 00:00:00+00:00,0.004698899604376174
2023-06-26 00:00:00+00:00,-0.007316903045171657
2023-06-27 00:00:00+00:00,0.010895621922560467
2023-06-28 00:00:00+00:00,0.003996202825333509
2023-06-29 00:00:00+00:00,0.0051941078902385
2023-06-30 00:00:00+00:00,0.010438213422514608
2023-07-01 00:00:00+00:00,-0.007654006939909925
2023-07-02 00:00:00+00:00,-0.013261245486764326
2023-07-03 00:00:00+00:00,0.024837828024413717
2023-07-04 00:00:00+00:00,-0.01576065017788922
2023-07-05 00:00:00+00:00,0.0003752098694190084
2023-07-06 00:00:00+00:00,0.0034051951250638843
2023-07-07 00:00:00+00:00,0.018631952632726417
2023-07-08 00:00:00+00:00,-0.009328345275059458
2023-07-09 00:00:00+00:00,0.008597146922966783
2023-07-10 00:00:00+00:00,0.00644774039850465
2023-07-11 00:00:00+00:00,0.010425799960838268
2023-07-12 00:00:00+00:00,0.009909496888389251
2023-07-13 00:00:00+00:00,0.0081688399030228
2023-07-14 00:00:00+00:00,-0.050987696473221295
2023-07-15 00:00:00+00:00,0.0013915201323854165
2023-07-16 00:00:00+00:00,0.012687122443597008
2023-07-17 00:00:00+00:00,0.006104350032278075
2023-07-18 00:00:00+00:00,-0.006345980525999075
2023-07-19 00:00:00+00:00,-0.006165491607092157
2023-07-20 00:00:00+00:00,-0.0066190098774517835
2023-07-21 00:00:00+00:00,-0.00033757712573096696
2023-07-22 00:00:00+00:00,-0.006594526001845616
2023-07-23 00:00:00+00:00,0.0004534746598662165
2023-07-24 00:00:00+00:00,0.0021468503019195333
2023-07-25 00:00:00+00:00,-0.00914192501876411
2023-07-26 00:00:00+00:00,-0.0023143441840160588
2023-07-27 00:00:00+00:00,0.014164665785219641
2023-07-28 00:00:00+00:00,0.0003239357281136999
2023-07-29 00:00:00+00:00,0.0007599285680310917
2023-07-30 00:00:00+00:00,-0.009725141366066508
2023-07-31 00:00:00+00:00,0.003801711110265459
2023-08-01 00:00:00+00:00,-0.002702184356448
2023-08-02 00:00:00+00:00,-0.011051868618444224
2023-08-03 00:00:00+00:00,-0.008637395334954908
2023-08-04 00:00:00+00:00,0.002069895747464705
2023-08-05 00:00:00+00:00,0.005425832146682325
2023-08-06 00:00:00+00:00,0.004416978827383158
2023-08-07 00:00:00+00:00,-0.0009811731253939833
2023-08-08 00:00:00+00:00,0.0012496448389642419
2023-08-09 00:00:00+00:00,-0.0022980597650600395
2023-08-10 00:00:00+00:00,-0.0024020621709769166
2023-08-11 00:00:00+00:00,-0.006992523320833958
2023-08-12 00:00:00+00:00,-0.0006285379673479667
2023-08-13 00:00:00+00:00,0.0017704783080241995
2023-08-14 00:00:00+00:00,-0.0025377250616014997
2023-08-15 00:00:00+00:00,-0.0017718394120790667
2023-08-16 00:00:00+00:00,0.010661941964320035
2023-08-17 00:00:00+00:00,0.016027014152845128
2023-08-18 00:00:00+00:00,0.007225261280572558
2023-08-19 00:00:00+00:00,0.005935407739640384
2023-08-20 00:00:00+00:00,0.0026841672474803746
2023-08-21 00:00:00+00:00,0.0014801340882347502
2023-08-22 00:00:00+00:00,-0.001323219143056725
2023-08-23 00:00:00+00:00,0.002534223449296375
2023-08-24 00:00:00+00:00,-0.0010051816706455167
2023-08-25 00:00:00+00:00,0.010412893477475918
2023-08-26 00:00:00+00:00,0.0003793842368837001
2023-08-27 00:00:00+00:00,-0.00449403462174285
2023-08-28 00:00:00+00:00,-0.0006252892678806499
2023-08-29 00:00:00+00:00,0.00133824518606245
2023-08-30 00:00:00+00:00,0.005652867773113556
2023-08-31 00:00:00+00:00,-0.004874397542981067
2023-09-01 00:00:00+00:00,-0.006414858153602991
2023-09-02 00:00:00+00:00,0.00092706777629455
2023-09-03 00:00:00+00:00,-0.0038934139547807337
2023-09-04 00:00:00+00:00,0.0038882015595820166
2023-09-05 00:00:00+00:00,0.003798369901283983
2023-09-06 00:00:00+00:00,-0.0024493205995756166
2023-09-07 00:00:00+00:00,0.003514334081518367
2023-09-08 00:00:00+00:00,-0.0015921734525281334
2023-09-09 00:00:00+00:00,0.001087024998964903
2023-09-10 00:00:00+00:00,0.0008178791050611249
2023-09-11 00:00:00+00:00,0.0027365683584853087
2023-09-12 00:00:00+00:00,0.002466860013903415
2023-09-13 00:00:00+00:00,-0.004705092790949809
2023-09-14 00:00:00+00:00,-0.008047421736510324
2023-09-15 00:00:00+00:00,-7.771064383517525e-05
2023-09-16 00:00:00+00:00,-0.0129606094367817
2023-09-17 00:00:00+00:00,0.0004730602359960967
2023-09-18 00:00:00+00:00,-0.002210225607410642
2023-09-19 00:00:00+00:00,-0.002351103243451133
2023-09-20 00:00:00+00:00,-0.009951038823771642
2023-09-21 00:00:00+00:00,-0.009636304776687876
2023-09-22 00:00:00+00:00,-0.00026540000583110833
2023-09-23 00:00:00+00:00,-0.013872267851622365
2023-09-24 00:00:00+00:00,7.440701054128217e-05
2023-09-25 00:00:00+00:00,-0.009728378043352142
2023-09-26 00:00:00+00:00,-0.0052736961782430085
2023-09-27 00:00:00+00:00,-0.0037315680132093427
2023-09-28 00:00:00+00:00,-0.0013478110454380667
2023-09-29 00:00:00+00:00,-0.0023686414714034166
2023-09-30 00:00:00+00:00,-0.005085125946138217
2023-10-01 00:00:00+00:00,-0.00094915612796095
2023-10-02 00:00:00+00:00,0.003266010921792862
2023-10-03 00:00:00+00:00,0.004436438750953941
2023-10-04 00:00:00+00:00,-0.009174372609759592
2023-10-05 00:00:00+00:00,-0.0028610012913103835
2023-10-06 00:00:00+00:00,-0.002460094634212962
2023-10-07 00:00:00+00:00,-0.0066024949800216
2023-10-08 00:00:00+00:00,0.004156940586525492
2023-10-09 00:00:00+00:00,0.0017198797899953917
2023-10-10 00:00:00+00:00,-0.0008239488217046
2023-10-11 00:00:00+00:00,-0.002782746273199358
2023-10-12 00:00:00+00:00,-0.004479134607767224
2023-10-13 00:00:00+00:00,0.0044290805027411674
2023-10-14 00:00:00+00:00,-0.00010518130618258354
2023-10-15 00:00:00+00:00,-0.002285404265655683
2023-10-16 00:00:00+00:00,0.0017800967674702218
2023-10-17 00:00:00+00:00,0.003939391356596325
2023-10-18 00:00:00+00:00,0.0005066007382840167
2023-10-19 00:00:00+00:00,0.0027442336720923666
2023-10-20 00:00:00+00:00,-0.0018775085098513165
2023-10-21 00:00:00+00:00,0.0043838917539278585
2023-10-22 00:00:00+00:00,-0.0142725684552209
2023-10-23 00:00:00+00:00,-0.017459699490521962
2023-10-24 00:00:00+00:00,0.00772804724758434
2023-10-25 00:00:00+00:00,0.0009688772249507585
2023-10-26 00:00:00+00:00,0.00127568486856745
2023-10-27 00:00:00+00:00,0.0018295280403118417
2023-10-28 00:00:00+00:00,-0.0057703863298187
2023-10-29 00:00:00+00:00,-0.0004847809535892416
2023-10-30 00:00:00+00:00,0.00440084771318245
2023-10-31 00:00:00+00:00,0.003154518601008075
2023-11-01 00:00:00+00:00,-0.0008321549246548583
2023-11-02 00:00:00+00:00,0.0035186592834634913
2023-11-03 00:00:00+00:00,-0.004567419383836255
2023-11-04 00:00:00+00:00,0.0027945989126415
2023-11-05 00:00:00+00:00,0.00010318024253158256
2023-11-06 00:00:00+00:00,-0.002622618758618066
2023-11-07 00:00:00+00:00,-0.009940171784902056
2023-11-08 00:00:00+00:00,0.004256164881434849
2023-11-09 00:00:00+00:00,-0.010071906175795994
2023-11-10 00:00:00+00:00,-0.007743831812900884
2023-11-11 00:00:00+00:00,0.011611767643735083
2023-11-12 00:00:00+00:00,-0.012657264331591908
2023-11-13 00:00:00+00:00,-0.009169449114431457
2023-11-14 00:00:00+00:00,-0.0007860849051590332
2023-11-15 00:00:00+00:00,0.0008280481623900432
2023-11-16 00:00:00+00:00,-0.014624148620166045
2023-11-17 00:00:00+00:00,0.006366521855099761
2023-11-18 00:00:00+00:00,-0.014236236600107434
2023-11-19 00:00:00+00:00,0.0009288486569188144
2023-11-20 00:00:00+00:00,0.003035323531985542
2023-11-21 00:00:00+00:00,-0.0006977865996096932
2023-11-22 00:00:00+00:00,0.0032892218130532
2023-11-23 00:00:00+00:00,-0.0014790754975010497
2023-11-24 00:00:00+00:00,0.004140575433663192
2023-11-25 00:00:00+00:00,-0.0028372590939230603
2023-11-26 00:00:00+00:00,0.00021834883731235
2023-11-27 00:00:00+00:00,0.002447731351096114
2023-11-28 00:00:00+00:00,0.0037081321395030296
2023-11-29 00:00:00+00:00,-0.0030804737468649746
2023-11-30 00:00:00+00:00,-0.0036230294873888084
2023-12-01 00:00:00+00:00,0.0025832468204514004
2023-12-02 00:00:00+00:00,-0.0036523133010749
2023-12-03 00:00:00+00:00,-0.000605029801455975
2023-12-04 00:00:00+00:00,0.001312074910319442
2023-12-05 00:00:00+00:00,0.00902135632516985
2023-12-06 00:00:00+00:00,0.0038999225155702
2023-12-07 00:00:00+00:00,-0.007067836388889742
2023-12-08 00:00:00+00:00,-0.007776466490657317
2023-12-09 00:00:00+00:00,-0.0012452318419351998
2023-12-10 00:00:00+00:00,0.007504273270741717
2023-12-11 00:00:00+00:00,-0.0006335869847876
2023-12-12 00:00:00+00:00,-0.002642179553407075
2023-12-13 00:00:00+00:00,0.005730973598891718
2023-12-14 00:00:00+00:00,0.008390941097850315
2023-12-15 00:00:00+00:00,-0.0015458137143464416
2023-12-16 00:00:00+00:00,-0.007456385068504434
2023-12-17 00:00:00+00:00,-0.023795593146277785
2023-12-18 00:00:00+00:00,0.004825532397599309
2023-12-19 00:00:00+00:00,0.007288336525194408
2023-12-20 00:00:00+00:00,0.0036337712123514416
2023-12-21 00:00:00+00:00,0.008666166167557885
2023-12-22 00:00:00+00:00,0.026935756758662912
2023-12-23 00:00:00+00:00,-0.008773008736673459
2023-12-24 00:00:00+00:00,-0.0064474063156209
2023-12-25 00:00:00+00:00,-0.00010246512429139092
2023-12-26 00:00:00+00:00,0.005114600098116674
2023-12-27 00:00:00+00:00,0.008815941930180812
2023-12-28 00:00:00+00:00,0.009484564108795451
2023-12-29 00:00:00+00:00,-0.007166982619170359
2023-12-30 00:00:00+00:00,0.004349360916282925
2023-12-31 00:00:00+00:00,0.01002242093891176
2024-01-02 00:00:00+00:00,-0.0065558725408428825
2024-01-03 00:00:00+00:00,0.0010134427129864917
2024-01-04 00:00:00+00:00,0.011698236349561875
2024-01-05 00:00:00+00:00,-0.0010608338868310667
2024-01-06 00:00:00+00:00,0.005902038710783383
2024-01-07 00:00:00+00:00,-0.00360299239258895
2024-01-08 00:00:00+00:00,-0.0034604625418012
2024-01-09 00:00:00+00:00,0.0017116848639820079
2024-01-10 00:00:00+00:00,-0.0008676642179376
2024-01-11 00:00:00+00:00,0.0045748326671710745
2024-01-12 00:00:00+00:00,0.012209475252359124
2024-01-13 00:00:00+00:00,-0.0058045669492813
2024-01-14 00:00:00+00:00,0.00043294758678094164
2024-01-15 00:00:00+00:00,-0.0011058459601089
2024-01-16 00:00:00+00:00,0.004750825661990375
2024-01-17 00:00:00+00:00,-0.0027060738629861338
2024-01-18 00:00:00+00:00,-0.0034597601841954337
2024-01-19 00:00:00+00:00,0.003521210265600155
2024-01-20 00:00:00+00:00,-0.010391571412462166
2024-01-21 00:00:00+00:00,0.0015922390148314415
2024-01-22 00:00:00+00:00,-0.0002064456337786206
2024-01-23 00:00:00+00:00,0.007650255600067732
2024-01-24 00:00:00+00:00,0.003965760923866284
2024-01-25 00:00:00+00:00,0.002436967810936892
2024-01-26 00:00:00+00:00,0.002037941739412142
2024-01-27 00:00:00+00:00,-0.0030580136090073667
2024-01-28 00:00:00+00:00,0.0006353979036609084
2024-01-29 00:00:00+00:00,0.0014961752086141502
2024-01-30 00:00:00+00:00,-0.00042011443173833337
2024-01-31 00:00:00+00:00,0.0032368805284287085
2024-02-01 00:00:00+00:00,-0.0027054896984389505
2024-02-02 00:00:00+00:00,-0.004100544694004901
2024-02-03 00:00:00+00:00,-0.0019297572146174495
2024-02-04 00:00:00+00:00,-0.00159296232083345
2024-02-05 00:00:00+00:00,0.00712774032949464
2024-02-06 00:00:00+00:00,-0.006245926033399592
2024-02-07 00:00:00+00:00,0.004604612368684
2024-02-08 00:00:00+00:00,0.005558177264906659
2024-02-09 00:00:00+00:00,0.0041707082654975575
2024-02-10 00:00:00+00:00,-0.001986356732719983
2024-02-11 00:00:00+00:00,0.0015657852452232222
2024-02-12 00:00:00+00:00,0.011983068864131833
2024-02-13 00:00:00+00:00,0.006401219774534543
2024-02-14 00:00:00+00:00,0.0032755103451950584
2024-02-15 00:00:00+00:00,0.004461399252257292
2024-02-16 00:00:00+00:00,-0.0070241987275966415
2024-02-17 00:00:00+00:00,0.005360095822879899
2024-02-18 00:00:00+00:00,-0.010749161298796292
2024-02-19 00:00:00+00:00,0.0007610585470206526
2024-02-20 00:00:00+00:00,-0.022233632691750025
2024-02-21 00:00:00+00:00,0.0033363523152675
2024-02-22 00:00:00+00:00,0.015996328905510514
2024-02-23 00:00:00+00:00,-0.010966116349967267
2024-02-24 00:00:00+00:00,-0.004978166073726849
2024-02-25 00:00:00+00:00,0.00744528990146855
2024-02-26 00:00:00+00:00,0.006428834763220059
2024-02-27 00:00:00+00:00,0.01484989118859611
2024-02-28 00:00:00+00:00,0.007846440853956483
2024-02-29 00:00:00+00:00,0.01637895319349396
2024-03-01 00:00:00+00:00,-0.014517763563058216
2024-03-02 00:00:00+00:00,-0.0030729074296634083
2024-03-03 00:00:00+00:00,0.039411009812444026
2024-03-04 00:00:00+00:00,-0.00240266141991155
2024-03-05 00:00:00+00:00,0.014163541221447183
2024-03-06 00:00:00+00:00,-0.0054827278414968
2024-03-07 00:00:00+00:00,0.011738113752883
2024-03-08 00:00:00+00:00,0.0020676194268910084
2024-03-09 00:00:00+00:00,-0.007689650830585783
2024-03-10 00:00:00+00:00,-0.00010291159261458314
2024-03-11 00:00:00+00:00,0.006285316662759316
2024-03-12 00:00:00+00:00,-0.020366575892613793
2024-03-13 00:00:00+00:00,-0.010119126773604667
2024-03-14 00:00:00+00:00,0.030265730065855017
2024-03-15 00:00:00+00:00,-0.003048113369025258
2024-03-16 00:00:00+00:00,0.0019597785556242924
2024-03-17 00:00:00+00:00,0.006177596884125417
2024-03-18 00:00:00+00:00,-0.0196293530100329
2024-03-19 00:00:00+00:00,-0.004245170642644608
2024-03-20 00:00:00+00:00,0.013710251391917033
2024-03-21 00:00:00+00:00,-0.003700026255424217
2024-03-22 00:00:00+00:00,0.00213684685028495
2024-03-23 00:00:00+00:00,0.009147816262994107
2024-03-24 00:00:00+00:00,0.008225412398907226
2024-03-25 00:00:00+00:00,-0.001562763294909627
2024-03-26 00:00:00+00:00,-0.004496832796973083
2024-03-27 00:00:00+00:00,0.008156584732940234
2024-03-28 00:00:00+00:00,0.004288427395813767
2024-03-29 00:00:00+00:00,0.0035995900530107327
2024-03-30 00:00:00+00:00,-0.011562851248715896
2024-03-31 00:00:00+00:00,0.006893067852134383
2024-04-01 00:00:00+00:00,-0.012948921754550424
2024-04-02 00:00:00+00:00,-0.002341576751648217
2024-04-03 00:00:00+00:00,-0.017805602516180984
2024-04-04 00:00:00+00:00,0.01224019064283066
2024-04-05 00:00:00+00:00,-0.004002580904315725
2024-04-06 00:00:00+00:00,-0.0007244059565892751
2024-04-07 00:00:00+00:00,-0.003314027937129408
2024-04-08 00:00:00+00:00,0.0025965731603566668
2024-04-09 00:00:00+00:00,0.001419485623979367
2024-04-10 00:00:00+00:00,0.00840336785899715
2024-04-11 00:00:00+00:00,0.0034197645833725586
2024-04-12 00:00:00+00:00,0.006917659665002667
2024-04-13 00:00:00+00:00,0.0009600490309112996
2024-04-14 00:00:00+00:00,-0.0008905999196018583
2024-04-15 00:00:00+00:00,-0.0013672557494735582
2024-04-16 00:00:00+00:00,-0.0039043947854627177
2024-04-17 00:00:00+00:00,-0.0143187688311843
2024-04-18 00:00:00+00:00,0.005574795483537484
2024-04-19 00:00:00+00:00,0.0082992336640788
2024-04-20 00:00:00+00:00,-0.004496563131349766
2024-04-21 00:00:00+00:00,0.0013914669677609834
2024-04-22 00:00:00+00:00,0.005651014153493658
2024-04-23 00:00:00+00:00,0.010952388691804872
2024-04-24 00:00:00+00:00,-0.00401456948322347
2024-04-25 00:00:00+00:00,-0.00025116445728474995
2024-04-26 00:00:00+00:00,-0.004317228737251116
2024-04-27 00:00:00+00:00,-0.009909095478499776
2024-04-28 00:00:00+00:00,-0.0019968151159380997
2024-04-29 00:00:00+00:00,-0.0031875793047375835
2024-04-30 00:00:00+00:00,0.010017795909443482
2024-05-01 00:00:00+00:00,0.00027608648959738844
2024-05-02 00:00:00+00:00,-0.0012356389093777914
2024-05-03 00:00:00+00:00,0.0007233333483667252
2024-05-04 00:00:00+00:00,0.0043637795337898334
2024-05-05 00:00:00+00:00,0.0055125056793799325
2024-05-06 00:00:00+00:00,0.0017177233240693
2024-05-07 00:00:00+00:00,0.0014248175931510666
2024-05-08 00:00:00+00:00,0.0002713132474370336
2024-05-09 00:00:00+00:00,-0.0037683700483074167
2024-05-10 00:00:00+00:00,-0.001545857600664952
2024-05-11 00:00:00+00:00,-0.00025427219536579173
2024-05-12 00:00:00+00:00,0.0009820376995513665
2024-05-13 00:00:00+00:00,0.0018663651932313583
2024-05-14 00:00:00+00:00,-0.00033769080498425837
2024-05-15 00:00:00+00:00,-0.001397823365799875
2024-05-16 00:00:00+00:00,0.0013994325829792213
2024-05-17 00:00:00+00:00,0.0061430080899051
2024-05-18 00:00:00+00:00,0.0046768777438965506
2024-05-19 00:00:00+00:00,0.0016592990761753583
2024-05-20 00:00:00+00:00,0.010305367921756967
2024-05-21 00:00:00+00:00,-0.005133274161150808
2024-05-22 00:00:00+00:00,0.002585822560286675
2024-05-23 00:00:00+00:00,-0.0018430158108801418
2024-05-24 00:00:00+00:00,-0.0038462966556626252
2024-05-25 00:00:00+00:00,0.013143773309336367
2024-05-26 00:00:00+00:00,0.008391343217650574
2024-05-27 00:00:00+00:00,0.0018020956500697882
2024-05-28 00:00:00+00:00,-0.006547740990046193
2024-05-29 00:00:00+00:00,0.0016264518789909834
2024-05-30 00:00:00+00:00,-0.0007930649545130499
2024-05-31 00:00:00+00:00,0.00019190838279914163
2024-06-01 00:00:00+00:00,-0.0040937296102373
2024-06-02 00:00:00+00:00,0.0013940989263770082
2024-06-03 00:00:00+00:00,-0.00033389171394399177
2024-06-04 00:00:00+00:00,0.0027879239943079583
2024-06-05 00:00:00+00:00,0.006817915954943168
2024-06-06 00:00:00+00:00,-0.0011302024115638332
2024-06-07 00:00:00+00:00,-0.003522269654916463
2024-06-08 00:00:00+00:00,-0.006886567627332808
2024-06-09 00:00:00+00:00,0.0005811804708221083
2024-06-10 00:00:00+00:00,-0.0029741245968734446
2024-06-11 00:00:00+00:00,-0.003446597192351983
2024-06-12 00:00:00+00:00,0.0036418371180194664
2024-06-13 00:00:00+00:00,-0.000957575437216525
2024-06-14 00:00:00+00:00,-0.011030306176291166
2024-06-15 00:00:00+00:00,0.0019387177536327007
2024-06-16 00:00:00+00:00,-0.0002851869438032834
2024-06-17 00:00:00+00:00,0.0014993866414518137
2024-06-18 00:00:00+00:00,-0.006954890486637517
2024-06-19 00:00:00+00:00,0.0042060778162889
2024-06-20 00:00:00+00:00,0.003996594360294358
2024-06-21 00:00:00+00:00,-0.006622206000532676
2024-06-22 00:00:00+00:00,0.000792305038466267
2024-06-23 00:00:00+00:00,-0.0006661184003390365
2024-06-24 00:00:00+00:00,-0.0031165967426663326
2024-06-25 00:00:00+00:00,0.0032453145822674157
2024-06-26 00:00:00+00:00,0.010444104149755625
2024-06-27 00:00:00+00:00,0.0014905179634542003
2024-06-28 00:00:00+00:00,0.014770195054558196
2024-06-29 00:00:00+00:00,0.0015456834471848666
2024-06-30 00:00:00+00:00,-0.0016805131899279855
2024-07-01 00:00:00+00:00,0.003300361968328584
2024-07-02 00:00:00+00:00,-0.0016661993602441001
2024-07-03 00:00:00+00:00,0.00025110182213538326
2024-07-04 00:00:00+00:00,0.0004744854420704598
2024-07-05 00:00:00+00:00,-0.0034946140200338583
2024-07-06 00:00:00+00:00,0.007728781676816776
2024-07-07 00:00:00+00:00,0.0008203399481540738
2024-07-08 00:00:00+00:00,-0.010294858876947276
2024-07-09 00:00:00+00:00,-0.0044109606122047255
2024-07-10 00:00:00+00:00,0.0005515397850908001
2024-07-11 00:00:00+00:00,0.005801048593270617
2024-07-12 00:00:00+00:00,0.009206449704182785
2024-07-13 00:00:00+00:00,0.007423733558856308
2024-07-14 00:00:00+00:00,-0.005443447542937618
2024-07-15 00:00:00+00:00,-0.0017757593492008915
2024-07-16 00:00:00+00:00,0.008744596459582218
2024-07-17 00:00:00+00:00,0.008098501740342733
2024-07-18 00:00:00+00:00,-0.005944546737293842
2024-07-19 00:00:00+00:00,0.009191636272916916
2024-07-20 00:00:00+00:00,0.002247482963179049
2024-07-21 00:00:00+00:00,0.0010307577835313158
2024-07-22 00:00:00+00:00,0.011641786663756558
2024-07-23 00:00:00+00:00,0.0008978281378827667
2024-07-24 00:00:00+00:00,-0.0032596406634599917
2024-07-25 00:00:00+00:00,-0.00446053442337295
2024-07-26 00:00:00+00:00,0.006083298960655552
2024-07-27 00:00:00+00:00,-0.0010154913135629834
2024-07-28 00:00:00+00:00,0.0031172825099371505
2024-07-29 00:00:00+00:00,0.0087068380442591
2024-07-30 00:00:00+00:00,0.0007944708638996596
2024-07-31 00:00:00+00:00,-0.00158743977437195
2024-08-01 00:00:00+00:00,-0.004981732023498234
2024-08-02 00:00:00+00:00,-0.0023994776382640676
2024-08-03 00:00:00+00:00,0.0027994032914185796
2024-08-04 00:00:00+00:00,0.00155890635886175
2024-08-05 00:00:00+00:00,-0.007297002609034902
2024-08-06 00:00:00+00:00,0.0048735590447301835
2024-08-07 00:00:00+00:00,-0.0033431543642573162
2024-08-08 00:00:00+00:00,-0.002116699803049058
2024-08-09 00:00:00+00:00,-0.0018219402433109664
2024-08-10 00:00:00+00:00,-0.0010695130491238443
2024-08-11 00:00:00+00:00,-0.0036236773301160344
2024-08-12 00:00:00+00:00,-0.0009901314995146584
2024-08-13 00:00:00+00:00,-0.019673115280004694
2024-08-14 00:00:00+00:00,-0.007259829552649726
2024-08-15 00:00:00+00:00,-0.012613878617239496
2024-08-16 00:00:00+00:00,-0.005130901266654234
2024-08-17 00:00:00+00:00,-0.0021184626939810083
2024-08-18 00:00:00+00:00,0.005962863248469275
2024-08-19 00:00:00+00:00,0.0016607526470221775
2024-08-20 00:00:00+00:00,-0.0008474534591444669
2024-08-21 00:00:00+00:00,-0.0019126161888011913
2024-08-22 00:00:00+00:00,0.007786281173275977
2024-08-23 00:00:00+00:00,0.0012993378056763752
2024-08-24 00:00:00+00:00,0.0005598364558292708
2024-08-25 00:00:00+00:00,-0.005293469946936759
2024-08-26 00:00:00+00:00,0.0048093557380535085
2024-08-27 00:00:00+00:00,0.00038987664437540004
2024-08-28 00:00:00+00:00,-0.002088223999468081
2024-08-29 00:00:00+00:00,-0.006537928692554475
2024-08-30 00:00:00+00:00,-0.0022264005108945336
2024-08-31 00:00:00+00:00,-0.001619376879084625
2024-09-01 00:00:00+00:00,0.0006425110293523084
2024-09-02 00:00:00+00:00,0.0007186352434026569
2024-09-03 00:00:00+00:00,0.0011744799947479582
2024-09-04 00:00:00+00:00,-0.004619337733813909
2024-09-05 00:00:00+00:00,-0.0014429757080008834
2024-09-06 00:00:00+00:00,-0.0024930122563541417
2024-09-07 00:00:00+00:00,0.00834877828008685
2024-09-08 00:00:00+00:00,0.004794824619263717
2024-09-09 00:00:00+00:00,0.006529594403340023
2024-09-10 00:00:00+00:00,0.011151903051608002
2024-09-11 00:00:00+00:00,0.009219889077752242
2024-09-12 00:00:00+00:00,-0.0011420289365105332
2024-09-13 00:00:00+00:00,-0.010052163394889851
2024-09-14 00:00:00+00:00,-0.0018000389798982271
2024-09-15 00:00:00+00:00,0.0002047393762805667
2024-09-16 00:00:00+00:00,0.010107826732229491
2024-09-17 00:00:00+00:00,0.001958140465717667
2024-09-18 00:00:00+00:00,0.002139154225798706
2024-09-19 00:00:00+00:00,0.000968962433611267
2024-09-20 00:00:00+00:00,0.015531004872317747
2024-09-21 00:00:00+00:00,-0.008246719772625736
2024-09-22 00:00:00+00:00,0.003930727557591716
2024-09-23 00:00:00+00:00,0.0069249487544302
2024-09-24 00:00:00+00:00,0.001840884745699975
2024-09-25 00:00:00+00:00,-0.006847154810172192
2024-09-26 00:00:00+00:00,-0.007615724547148925
2024-09-27 00:00:00+00:00,-8.319914756701656e-05
2024-09-28 00:00:00+00:00,0.0008544774197204166
2024-09-29 00:00:00+00:00,-0.0029202629725847006
2024-09-30 00:00:00+00:00,0.004127294193671809
2024-10-01 00:00:00+00:00,0.004908050214499834
2024-10-02 00:00:00+00:00,0.0009579282328558668
2024-10-03 00:00:00+00:00,0.008804710806496401
2024-10-04 00:00:00+00:00,0.0027577981062093504
2024-10-05 00:00:00+00:00,0.005721774211663901
2024-10-06 00:00:00+00:00,-0.0026174446242393005
2024-10-07 00:00:00+00:00,0.001934285172495225
2024-10-08 00:00:00+00:00,0.004690136531271842
2024-10-09 00:00:00+00:00,0.00658900545565745
2024-10-10 00:00:00+00:00,-0.004328105010832883
2024-10-11 00:00:00+00:00,-0.005955170804291208
2024-10-12 00:00:00+00:00,0.0033921871417836127
2024-10-13 00:00:00+00:00,0.006196097215949409
2024-10-14 00:00:00+00:00,0.0032095249525438507
2024-10-15 00:00:00+00:00,0.004005489712750829
2024-10-16 00:00:00+00:00,-0.008646412153783908
2024-10-17 00:00:00+00:00,0.007084589103693075
2024-10-18 00:00:00+00:00,-0.0010645613866778249
2024-10-19 00:00:00+00:00,-0.0036681547066297997
2024-10-20 00:00:00+00:00,-0.0035276405692712086
2024-10-21 00:00:00+00:00,-0.004548443181534109
2024-10-22 00:00:00+00:00,0.00245977604814185
2024-10-23 00:00:00+00:00,-0.0013436035593668164
2024-10-24 00:00:00+00:00,0.0035491512413598747
2024-10-25 00:00:00+00:00,0.0033258717520176333
2024-10-26 00:00:00+00:00,0.0003072815631424043
2024-10-27 00:00:00+00:00,0.0021660064937995003
2024-10-28 00:00:00+00:00,0.0044109233364635
2024-10-29 00:00:00+00:00,0.002020559188509358
2024-10-30 00:00:00+00:00,-0.008048318912502342
2024-10-31 00:00:00+00:00,-0.009958257853464067
2024-11-01 00:00:00+00:00,0.0038567009812137333
2024-11-02 00:00:00+00:00,-0.004475185174994001
2024-11-03 00:00:00+00:00,-0.0018712232858688164
2024-11-04 00:00:00+00:00,0.008062599368045107
2024-11-05 00:00:00+00:00,-0.002584804126596225
2024-11-06 00:00:00+00:00,0.0035115546031736083
2024-11-07 00:00:00+00:00,-0.02859832803102504
2024-11-08 00:00:00+00:00,0.00750016044676605
2024-11-09 00:00:00+00:00,-0.000876697866859425
2024-11-10 00:00:00+00:00,0.008459646640515918
2024-11-11 00:00:00+00:00,4.311787979001659e-05
2024-11-12 00:00:00+00:00,0.00214460300740955
2024-11-13 00:00:00+00:00,-0.014033004611116992
2024-11-14 00:00:00+00:00,-0.006422514999716359
2024-11-15 00:00:00+00:00,-0.03456567900815979
2024-11-16 00:00:00+00:00,-0.01643830991922091
2024-11-17 00:00:00+00:00,-0.029799626383337757
2024-11-18 00:00:00+00:00,0.007486218641264825
2024-11-19 00:00:00+00:00,0.0008363100030960171
2024-11-20 00:00:00+00:00,-0.0015749576939911335
2024-11-21 00:00:00+00:00,-0.007339994947250675
2024-11-22 00:00:00+00:00,-0.008652893807582
2024-11-23 00:00:00+00:00,-0.010921162216896124
2024-11-24 00:00:00+00:00,0.05995668850321919
2024-11-25 00:00:00+00:00,0.007648077224335692
2024-11-26 00:00:00+00:00,-0.005051297109577259
2024-11-27 00:00:00+00:00,-0.006096289114443684
2024-11-28 00:00:00+00:00,-0.011161333719433114
2024-11-29 00:00:00+00:00,0.011512050256788968
2024-11-30 00:00:00+00:00,-0.008376844465665235
2024-12-01 00:00:00+00:00,-0.019722695711006957
2024-12-02 00:00:00+00:00,-0.009468448757008882
2024-12-03 00:00:00+00:00,-0.041698024753926234
2024-12-04 00:00:00+00:00,-0.01491313741893236
2024-12-05 00:00:00+00:00,-0.018617055553378493
2024-12-06 00:00:00+00:00,0.008554294260728975
2024-12-07 00:00:00+00:00,-0.013637222265102318
2024-12-08 00:00:00+00:00,0.01162917881796875
2024-12-09 00:00:00+00:00,-0.0061652187976729
2024-12-10 00:00:00+00:00,0.018676992518238233
2024-12-11 00:00:00+00:00,-0.00637271924115032
2024-12-12 00:00:00+00:00,-9.275064230274942e-05
2024-12-13 00:00:00+00:00,-0.020206803839181917
2024-12-14 00:00:00+00:00,4.4142938740858104e-05
2024-12-15 00:00:00+00:00,0.005486086939167909
2024-12-16 00:00:00+00:00,-0.0004128823058240163
2024-12-17 00:00:00+00:00,0.00785898870740475
2024-12-18 00:00:00+00:00,-0.00011516935935414262
2024-12-19 00:00:00+00:00,-2.7490942437075018e-05
2024-12-20 00:00:00+00:00,0.007789666162756091
2024-12-21 00:00:00+00:00,-0.006832949352020434
2024-12-22 00:00:00+00:00,-0.004224238019803409
2024-12-23 00:00:00+00:00,-0.004635524434937058
2024-12-24 00:00:00+00:00,0.015909635392261916
2024-12-25 00:00:00+00:00,0.005870330256437575
2024-12-26 00:00:00+00:00,-0.0011128458077635749
2024-12-27 00:00:00+00:00,0.0018491004947554313
2024-12-28 00:00:00+00:00,0.005529413772038916
2024-12-29 00:00:00+00:00,0.006540403432379567
2024-12-30 00:00:00+00:00,-0.0027162942165252385
2024-12-31 00:00:00+00:00,0.0013254909904445167
2025-01-01 00:00:00+00:00,0.0021552856690652002
2025-01-02 00:00:00+00:00,0.0008419684353099666
2025-01-03 00:00:00+00:00,-0.001957804043768516
2025-01-04 00:00:00+00:00,-0.004062499331541759
2025-01-05 00:00:00+00:00,-0.0037310719596171473
2025-01-06 00:00:00+00:00,-0.004961008171756084
2025-01-07 00:00:00+00:00,0.005940451162075508
2025-01-08 00:00:00+00:00,0.006197773143221767
2025-01-09 00:00:00+00:00,0.002396274127214542
2025-01-10 00:00:00+00:00,-0.0049179934280720585
2025-01-11 00:00:00+00:00,0.00027657649065230216
2025-01-12 00:00:00+00:00,-0.007982598157807866
2025-01-13 00:00:00+00:00,-0.004709984800220241
2025-01-14 00:00:00+00:00,-0.006811658805007915
2025-01-15 00:00:00+00:00,-0.0059903875819694264
2025-01-16 00:00:00+00:00,-0.0041278840605175745
2025-01-17 00:00:00+00:00,0.00034900240092403025
2025-01-18 00:00:00+00:00,-0.006123606046491016
2025-01-19 00:00:00+00:00,0.010315627661418391
2025-01-20 00:00:00+00:00,-0.01005118782096001
2025-01-21 00:00:00+00:00,0.00011300935704725851
2025-01-22 00:00:00+00:00,0.0004194067846063165
2025-01-23 00:00:00+00:00,0.009665873635775766
2025-01-24 00:00:00+00:00,-0.007719069892741383
2025-01-25 00:00:00+00:00,-0.00016855877469123322
2025-01-26 00:00:00+00:00,0.0006040751562076334
2025-01-27 00:00:00+00:00,-0.005539497182260066
2025-01-28 00:00:00+00:00,0.012439392161932608
2025-01-29 00:00:00+00:00,-0.0013773203608065498
2025-01-30 00:00:00+00:00,-0.004792755222428675
2025-01-31 00:00:00+00:00,-0.0008871014538029062
2025-02-01 00:00:00+00:00,-0.0024954213751239417
2025-02-02 00:00:00+00:00,-0.0014757609004331085
2025-02-03 00:00:00+00:00,-0.006588280633347217
2025-02-04 00:00:00+00:00,0.001418719631563225
2025-02-05 00:00:00+00:00,-0.008064742685894475
2025-02-06 00:00:00+00:00,-0.0034080284593712602
2025-02-07 00:00:00+00:00,0.0019936936978179084
2025-02-08 00:00:00+00:00,0.000848893035922625
2025-02-09 00:00:00+00:00,-0.00032075636201611696
2025-02-10 00:00:00+00:00,-0.011951185205839494
2025-02-11 00:00:00+00:00,-0.009203244638221567
2025-02-12 00:00:00+00:00,0.017369830624617128
2025-02-13 00:00:00+00:00,0.0028291523535337836
2025-02-14 00:00:00+00:00,-0.012153259371988669
2025-02-15 00:00:00+00:00,-0.00708890798544214
2025-02-16 00:00:00+00:00,-0.00220549011494655
2025-02-17 00:00:00+00:00,0.009437262483101458
2025-02-18 00:00:00+00:00,-0.0026807731555191
2025-02-19 00:00:00+00:00,-0.010208958654392667
2025-02-20 00:00:00+00:00,0.0005217665945825167
2025-02-21 00:00:00+00:00,0.009507830331256083
2025-02-22 00:00:00+00:00,8.9791923017475e-05
2025-02-23 00:00:00+00:00,0.006340699771869417
2025-02-24 00:00:00+00:00,-0.003745312150685801
2025-02-25 00:00:00+00:00,0.002831757169919366
2025-02-26 00:00:00+00:00,0.0014297448049609412
2025-02-27 00:00:00+00:00,0.007575075964726501
2025-02-28 00:00:00+00:00,-0.00039680061749909065
2025-03-01 00:00:00+00:00,0.012032039767616735
2025-03-02 00:00:00+00:00,0.007393404661702866
2025-03-03 00:00:00+00:00,-0.024675208242083167
2025-03-04 00:00:00+00:00,0.014398573311842041
2025-03-05 00:00:00+00:00,-0.008026162429625958
2025-03-06 00:00:00+00:00,-0.0034455258156060827
2025-03-07 00:00:00+00:00,0.00044482542964346705
2025-03-08 00:00:00+00:00,-0.006625431762195884
2025-03-09 00:00:00+00:00,-0.005825376897952216
2025-03-10 00:00:00+00:00,0.020113309456053743
2025-03-11 00:00:00+00:00,0.007916621121064902
2025-03-12 00:00:00+00:00,0.00271135142832035
2025-03-13 00:00:00+00:00,0.0034262493233460822
2025-03-14 00:00:00+00:00,0.01910957422457875
2025-03-15 00:00:00+00:00,-0.009435520904727308
2025-03-16 00:00:00+00:00,-0.006472638576060725
2025-03-17 00:00:00+00:00,-0.0016686501265755999
2025-03-18 00:00:00+00:00,-0.005651720027857108
2025-03-19 00:00:00+00:00,0.006017703526642676
2025-03-20 00:00:00+00:00,-0.0067897473337816166
2025-03-21 00:00:00+00:00,0.0022320934545290443
2025-03-22 00:00:00+00:00,0.004840581400272625
2025-03-23 00:00:00+00:00,-0.004555043291212667
2025-03-24 00:00:00+00:00,-0.0026483318679412665
2025-03-25 00:00:00+00:00,-0.005425585496474526
2025-03-26 00:00:00+00:00,-0.00022408740135388327
2025-03-27 00:00:00+00:00,0.010532388334979643
2025-03-28 00:00:00+00:00,0.004294616705170999
2025-03-29 00:00:00+00:00,0.0011125357602808086
2025-03-30 00:00:00+00:00,0.0037079092126786756
2025-03-31 00:00:00+00:00,-0.0041479331480261256
2025-04-01 00:00:00+00:00,0.0061150130609917246
2025-04-02 00:00:00+00:00,0.0015931611635316917
2025-04-03 00:00:00+00:00,0.013664038237863654
2025-04-04 00:00:00+00:00,0.005245909471360592
2025-04-05 00:00:00+00:00,-0.006731994179690775
2025-04-06 00:00:00+00:00,-1.2030658579383343e-05
2025-04-07 00:00:00+00:00,0.019390539979940193
2025-04-08 00:00:00+00:00,0.0051598387934289665
2025-04-09 00:00:00+00:00,0.006338449456831816
2025-04-10 00:00:00+00:00,-0.0006644209066245336
2025-04-11 00:00:00+00:00,0.014029191651487851
2025-04-12 00:00:00+00:00,-0.0024233305311629973
2025-04-13 00:00:00+00:00,0.011950054322284432
2025-04-14 00:00:00+00:00,-0.007906224116972276
2025-04-15 00:00:00+00:00,-0.0025112387757734184
2025-04-16 00:00:00+00:00,-0.0009606848259511063
2025-04-17 00:00:00+00:00,-0.004650117690551933
2025-04-18 00:00:00+00:00,0.0041775000760069
2025-04-19 00:00:00+00:00,-0.00483823693670485
2025-04-20 00:00:00+00:00,-0.007321397863910942
2025-04-21 00:00:00+00:00,-0.005235214059736656
2025-04-22 00:00:00+00:00,0.003634870776456942
2025-04-23 00:00:00+00:00,0.0030540483536109168
2025-04-24 00:00:00+00:00,-0.014076774052609285
2025-04-25 00:00:00+00:00,-0.00487639915888235
2025-04-26 00:00:00+00:00,-0.00032945696887784335
2025-04-27 00:00:00+00:00,-0.0017286692053935877
2025-04-28 00:00:00+00:00,0.004285987946175298
2025-04-29 00:00:00+00:00,0.0016913695736825087
2025-04-30 00:00:00+00:00,0.001814953616900225
2025-05-01 00:00:00+00:00,0.005453268430991175
2025-05-02 00:00:00+00:00,-0.009270071772782959
2025-05-03 00:00:00+00:00,0.0048412261190790415
2025-05-04 00:00:00+00:00,-0.0026912330828472836
2025-05-05 00:00:00+00:00,-0.0006666639930940037
2025-05-06 00:00:00+00:00,-0.0018080885684237
2025-05-07 00:00:00+00:00,0.006800743909769491
2025-05-08 00:00:00+00:00,-0.014404072066389002
2025-05-09 00:00:00+00:00,-0.009216003506405527
2025-05-10 00:00:00+00:00,-0.002540321876099066
2025-05-11 00:00:00+00:00,-0.0085786503947792
2025-05-12 00:00:00+00:00,-0.0035549270066104004
2025-05-13 00:00:00+00:00,0.00019554637898681678
2025-05-14 00:00:00+00:00,0.0004071391880255003
2025-05-15 00:00:00+00:00,0.006019030773353417
2025-05-16 00:00:00+00:00,0.008242811551651867
2025-05-17 00:00:00+00:00,-0.005907707648539882
2025-05-18 00:00:00+00:00,0.001730077831000667
2025-05-19 00:00:00+00:00,0.0015403483414087166
2025-05-20 00:00:00+00:00,-0.0057142217917326744
2025-05-21 00:00:00+00:00,-0.0018737552431129668
2025-05-22 00:00:00+00:00,0.0027184679777821834
2025-05-23 00:00:00+00:00,0.008766642579560434
2025-05-24 00:00:00+00:00,0.0022280166371984973
2025-05-25 00:00:00+00:00,-0.0010097905728030665
2025-05-26 00:00:00+00:00,-0.00023796688813038352
2025-05-27 00:00:00+00:00,-0.008992459424104551
2025-05-28 00:00:00+00:00,0.004479385107100675
2025-05-29 00:00:00+00:00,-0.0011279251165183665
2025-05-30 00:00:00+00:00,-0.005638816226943816
2025-05-31 00:00:00+00:00,-0.00010762095388024979
2025-06-01 00:00:00+00:00,0.006544848807556235
2025-06-02 00:00:00+00:00,-0.005859863850372641
2025-06-03 00:00:00+00:00,-0.005244087035940243
2025-06-04 00:00:00+00:00,-0.0027490587918011997
2025-06-05 00:00:00+00:00,-0.0011350185798054003
2025-06-06 00:00:00+00:00,0.00046847882413575837
2025-06-07 00:00:00+00:00,0.0024863527059842748
2025-06-08 00:00:00+00:00,0.0026194720328043
2025-06-09 00:00:00+00:00,0.0031388649155816837
2025-06-10 00:00:00+00:00,-0.010048935772051217
2025-06-11 00:00:00+00:00,-0.011729324390258658
2025-06-12 00:00:00+00:00,-0.0032954184583076
2025-06-13 00:00:00+00:00,0.005088610743416259
2025-06-14 00:00:00+00:00,0.0006866391453968166
2025-06-15 00:00:00+00:00,0.00051871010847065
2025-06-16 00:00:00+00:00,0.008200806690420325
2025-06-17 00:00:00+00:00,-0.0016567482005205416
2025-06-18 00:00:00+00:00,-0.003265315269763458
2025-06-19 00:00:00+00:00,-0.004338104406705217
2025-06-20 00:00:00+00:00,-0.002157400364615092
2025-06-21 00:00:00+00:00,0.0016740803514284943
2025-06-22 00:00:00+00:00,-1.0843624430183232e-05
2025-06-23 00:00:00+00:00,-0.0028580714503678006
2025-06-24 00:00:00+00:00,-0.0019601320787592503
2025-06-25 00:00:00+00:00,-0.005123158423998908
2025-06-26 00:00:00+00:00,0.002628162765850801
2025-06-27 00:00:00+00:00,0.002891895572223958
2025-06-28 00:00:00+00:00,0.0012503940541214236
2025-06-29 00:00:00+00:00,-0.005737728556245034
2025-06-30 00:00:00+00:00,0.0029032638655015247
2025-07-01 00:00:00+00:00,0.0004711375536912026
2025-07-02 00:00:00+00:00,0.00271897006147135
2025-07-03 00:00:00+00:00,0.002799359300897709
2025-07-04 00:00:00+00:00,-0.004536970344125625
2025-07-05 00:00:00+00:00,-0.0008480808208947999
2025-07-06 00:00:00+00:00,-0.002449101614918492
2025-07-07 00:00:00+00:00,-0.003448379115870206
2025-07-08 00:00:00+00:00,0.0026806169414015416
2025-07-09 00:00:00+00:00,-0.006999552803889299
2025-07-10 00:00:00+00:00,-0.0002994388640153252
2025-07-11 00:00:00+00:00,-7.829178179650836e-05
2025-07-12 00:00:00+00:00,0.006103828424122516
2025-07-13 00:00:00+00:00,-0.005114405364536884
2025-07-14 00:00:00+00:00,0.011699290485678367
2025-07-15 00:00:00+00:00,-0.0041781751324685085
2025-07-16 00:00:00+00:00,0.0007809740772719169
2025-07-17 00:00:00+00:00,0.024939386028598843
2025-07-18 00:00:00+00:00,-0.0035672769971412995
2025-07-19 00:00:00+00:00,0.004338470531933308
2025-07-20 00:00:00+00:00,-0.002665979499877433
2025-07-21 00:00:00+00:00,0.0021954401781457
2025-07-22 00:00:00+00:00,-0.007270559537884291
2025-07-23 00:00:00+00:00,0.0013659577260912248
2025-07-24 00:00:00+00:00,0.0026970113732720665
2025-07-25 00:00:00+00:00,-0.0017688261496268912
2025-07-26 00:00:00+00:00,0.013642528829609183
2025-07-27 00:00:00+00:00,0.003417177995113542
2025-07-28 00:00:00+00:00,0.008406107430276668
2025-07-29 00:00:00+00:00,-0.0011892776518270711
2025-07-30 00:00:00+00:00,-0.004397563509257216
2025-07-31 00:00:00+00:00,-0.01230846045369334
2025-08-01 00:00:00+00:00,0.007735311687265524
2025-08-02 00:00:00+00:00,-0.00149074329138255
2025-08-03 00:00:00+00:00,-0.006733359430849583
2025-08-04 00:00:00+00:00,1.8046058132316746e-05
2025-08-05 00:00:00+00:00,-0.002340510522199275
2025-08-06 00:00:00+00:00,-0.0042424727360823745
2025-08-07 00:00:00+00:00,0.0006515614692344917
2025-08-08 00:00:00+00:00,0.015296680733284593
2025-08-09 00:00:00+00:00,-0.0015597974812321565
2025-08-10 00:00:00+00:00,0.0034607809480844253
2025-08-11 00:00:00+00:00,-0.00040499212844845826
2025-08-12 00:00:00+00:00,0.0040836058020940254
2025-08-13 00:00:00+00:00,-0.0056257511788223
2025-08-14 00:00:00+00:00,-0.0039045039927041434
2025-08-15 00:00:00+00:00,0.01173351725764845
2025-08-16 00:00:00+00:00,0.005061438995233875
2025-08-17 00:00:00+00:00,-0.0026152082688858246
2025-08-18 00:00:00+00:00,-0.005127940772503875
2025-08-19 00:00:00+00:00,0.002036467272472783
2025-08-20 00:00:00+00:00,0.003223964554585858
2025-08-21 00:00:00+00:00,-0.005121082798861817
2025-08-22 00:00:00+00:00,0.0007473132803205166
2025-08-23 00:00:00+00:00,-0.0027045403528922663
2025-08-24 00:00:00+00:00,0.002742503455995226
2025-08-25 00:00:00+00:00,-0.0017250810319219666
2025-08-26 00:00:00+00:00,0.005970944421307842
2025-08-27 00:00:00+00:00,-0.0017166543888743832
2025-08-28 00:00:00+00:00,-0.002566853152097134
2025-08-29 00:00:00+00:00,0.0009027610954455203
2025-08-30 00:00:00+00:00,0.003386714282450158
2025-08-31 00:00:00+00:00,-0.006971605952472208
2025-09-01 00:00:00+00:00,0.004216887882192292
2025-09-02 00:00:00+00:00,-0.0026298731773290417
2025-09-03 00:00:00+00:00,-0.009795801686207082
2025-09-04 00:00:00+00:00,-0.0015173660214535083
2025-09-05 00:00:00+00:00,-0.0012038869416512157
2025-09-06 00:00:00+00:00,-0.005231880565153983
2025-09-07 00:00:00+00:00,-0.004901660941448133
2025-09-08 00:00:00+00:00,0.0050136583357196
2025-09-09 00:00:00+00:00,-0.003167499465929575
2025-09-10 00:00:00+00:00,-0.003959477883573142
2025-09-11 00:00:00+00:00,-0.00770897105137585
2025-09-12 00:00:00+00:00,0.0038247468570316006
2025-09-13 00:00:00+00:00,0.008365583362778576
2025-09-14 00:00:00+00:00,-0.0056755713310948155
2025-09-15 00:00:00+00:00,0.009210859733623759
2025-09-16 00:00:00+00:00,0.0083296112967707
2025-09-17 00:00:00+00:00,-0.002889732394428616
2025-09-18 00:00:00+00:00,-9.685803434272497e-05
2025-09-19 00:00:00+00:00,0.0015587203958722163
2025-09-20 00:00:00+00:00,-0.001473862540917085
2025-09-21 00:00:00+00:00,0.000861991445426225
2025-09-22 00:00:00+00:00,0.0019840905487314747
2025-09-23 00:00:00+00:00,0.0034507816914239003
2025-09-24 00:00:00+00:00,0.005998103311334058
2025-09-25 00:00:00+00:00,-0.0013819968467356084
2025-09-26 00:00:00+00:00,-0.0008231631643966503
2025-09-27 00:00:00+00:00,0.0013779459630660813
2025-09-28 00:00:00+00:00,-6.069864998670832e-05
2025-09-29 00:00:00+00:00,-0.003670242836077541
2025-09-30 00:00:00+00:00,0.009473141470751211
2025-10-01 00:00:00+00:00,-0.003192004025388101
2025-10-02 00:00:00+00:00,-0.0021994519494204496
2025-10-03 00:00:00+00:00,0.006138315883346141
2025-10-04 00:00:00+00:00,0.009998812029368616
2025-10-05 00:00:00+00:00,0.022244548424611845
2025-10-06 00:00:00+00:00,0.009270092405491667
2025-10-07 00:00:00+00:00,-0.006118353708147699
2025-10-08 00:00:00+00:00,0.004317623120749801
2025-10-09 00:00:00+00:00,0.0030021384410681986
2025-10-10 00:00:00+00:00,-0.016294058456770188
2025-10-11 00:00:00+00:00,-0.004162539733314282
2025-10-12 00:00:00+00:00,-0.008650380760850776
2025-10-13 00:00:00+00:00,0.0030098515336734826
2025-10-14 00:00:00+00:00,0.0031319940504801504
2025-10-15 00:00:00+00:00,-0.007599554340215509
2025-10-16 00:00:00+00:00,0.0027879821921709
2025-10-17 00:00:00+00:00,0.00892541585318575
2025-10-18 00:00:00+00:00,-0.0059881773568856754
2025-10-19 00:00:00+00:00,0.0027881535300722116
2025-10-20 00:00:00+00:00,-0.014389035562272175
2025-10-21 00:00:00+00:00,-0.013995688336965934
2025-10-22 00:00:00+00:00,0.0001512559575629584
2025-10-23 00:00:00+00:00,0.0012841060239401753
2025-10-24 00:00:00+00:00,-0.0031691029869047754
2025-10-25 00:00:00+00:00,0.005449186990197824
2025-10-26 00:00:00+00:00,-0.0016837115599258247
2025-10-27 00:00:00+00:00,0.007816961284251899
2025-10-28 00:00:00+00:00,0.009905495523058841
2025-10-29 00:00:00+00:00,-0.0015768286349955418
2025-10-30 00:00:00+00:00,0.010576011491827192
2025-10-31 00:00:00+00:00,0.006086412308541167
2025-11-01 00:00:00+00:00,0.0069458925463769
2025-11-02 00:00:00+00:00,0.010259158664961033
2025-11-03 00:00:00+00:00,-0.007991066524873457
2025-11-04 00:00:00+00:00,0.05631191871918818
2025-11-05 00:00:00+00:00,0.017759232077238358
2025-11-06 00:00:00+00:00,-0.017273154484925526
2025-11-07 00:00:00+00:00,0.06585046950029755
2025-11-08 00:00:00+00:00,0.08966722899786012
2025-11-09 00:00:00+00:00,-0.039275173412056
2025-11-10 00:00:00+00:00,-0.020688362910207748
2025-11-11 00:00:00+00:00,-0.04075674580640389
2025-11-12 00:00:00+00:00,-0.0009496929574062
2025-11-13 00:00:00+00:00,0.008600518043634616
2025-11-14 00:00:00+00:00,0.00030359067760474197
2025-11-15 00:00:00+00:00,0.01715599382219789
2025-11-16 00:00:00+00:00,0.014260673629542283
2025-11-17 00:00:00+00:00,0.0052861752880119925
2025-11-18 00:00:00+00:00,-0.011601197711647493
2025-11-19 00:00:00+00:00,-0.005882181144328342
2025-11-20 00:00:00+00:00,0.006665478790043333
2025-11-21 00:00:00+00:00,0.012158284705002258
2025-11-22 00:00:00+00:00,-0.013388114847488067
2025-11-23 00:00:00+00:00,-0.0023071486855412724
2025-11-24 00:00:00+00:00,-0.002226010516016775
2025-11-25 00:00:00+00:00,-0.014649475348763466
2025-11-26 00:00:00+00:00,0.0015664794206218414
2025-11-27 00:00:00+00:00,0.018451950419384952
2025-11-28 00:00:00+00:00,-0.01469108459295296
2025-11-29 00:00:00+00:00,-0.006087684095702316
2025-11-30 00:00:00+00:00,-0.005562837010169467
2025-12-01 00:00:00+00:00,-0.010017332015966543
2025-12-02 00:00:00+00:00,-0.004797524862763458
2025-12-03 00:00:00+00:00,-0.018445692069491534
2025-12-04 00:00:00+00:00,0.0019667462016254664
2025-12-05 00:00:00+00:00,0.0018164996983810334
2025-12-06 00:00:00+00:00,-0.002473205850578717
2025-12-07 00:00:00+00:00,-0.0026608035921043918
2025-12-08 00:00:00+00:00,-0.005186202027702241
2025-12-09 00:00:00+00:00,0.012091849710439216
2025-12-10 00:00:00+00:00,-0.003825764514764041
2025-12-11 00:00:00+00:00,-0.01087650565357885
2025-12-12 00:00:00+00:00,0.001248691481265992
2025-12-13 00:00:00+00:00,0.006591280137695559
2025-12-14 00:00:00+00:00,-0.0073407451501222845
2025-12-15 00:00:00+00:00,-0.00760023894315585
2025-12-16 00:00:00+00:00,0.005806587408218683
2025-12-17 00:00:00+00:00,-0.0018110654475920246
2025-12-18 00:00:00+00:00,0.004672525610364908
2025-12-19 00:00:00+00:00,-0.001019197778311775
2025-12-20 00:00:00+00:00,-0.0001630835084586329
2025-12-21 00:00:00+00:00,-0.00870901061241175
2025-12-22 00:00:00+00:00,-0.004018809503840484
2025-12-23 00:00:00+00:00,0.00408406787593705
2025-12-24 00:00:00+00:00,0.003533784265457508
2025-12-25 00:00:00+00:00,-0.0100716862261774
2025-12-26 00:00:00+00:00,-0.003097270707260551
2025-12-27 00:00:00+00:00,0.002535077856862892
2025-12-28 00:00:00+00:00,-0.007287595097569474
2025-12-29 00:00:00+00:00,-0.005396983345426057
2025-12-30 00:00:00+00:00,-0.000946788464222525
2025-12-31 00:00:00+00:00,0.00026059351047363335
2026-01-01 00:00:00+00:00,0.008087760846212209
2026-01-02 00:00:00+00:00,0.0024894848158246666
2026-01-03 00:00:00+00:00,-0.010599597434070435
2026-01-04 00:00:00+00:00,0.007189223789019317
2026-01-05 00:00:00+00:00,-0.002069734573034191
2026-01-06 00:00:00+00:00,-0.00401574172980817
2026-01-07 00:00:00+00:00,0.0006256369989732917
2026-01-08 00:00:00+00:00,0.0007908311901861369
2026-01-09 00:00:00+00:00,-0.005458392990044691
2026-01-10 00:00:00+00:00,0.002143254252935633
2026-01-11 00:00:00+00:00,-0.0022166891786931913
2026-01-12 00:00:00+00:00,-0.0012267077647991
2026-01-13 00:00:00+00:00,0.00153648596905285
2026-01-14 00:00:00+00:00,-0.0039638120108836
2026-01-15 00:00:00+00:00,-0.0018799849993678917
2026-01-16 00:00:00+00:00,0.003803378114652808
2026-01-17 00:00:00+00:00,0.011197224628265917
2026-01-18 00:00:00+00:00,-0.006374425076159607
2026-01-19 00:00:00+00:00,0.0069746349862903
2026-01-20 00:00:00+00:00,-0.010235261062939758
2026-01-21 00:00:00+00:00,0.030638425886573086
2026-01-22 00:00:00+00:00,-0.009960256566854907
2026-01-23 00:00:00+00:00,0.0012628594258161166
2026-01-24 00:00:00+00:00,0.005285954479646741
2026-01-25 00:00:00+00:00,-0.0041904512041288505
2026-01-26 00:00:00+00:00,0.007997864231852942
2026-01-27 00:00:00+00:00,-0.005223657615660334
2026-01-28 00:00:00+00:00,0.00508409907085495
2026-01-29 00:00:00+00:00,-0.00852345817527865
2026-01-30 00:00:00+00:00,0.0027250178541335587
2026-01-31 00:00:00+00:00,0.0007167363106358084
2026-02-01 00:00:00+00:00,-0.0020776985399276002
2026-02-02 00:00:00+00:00,0.013302670400422226
2026-02-03 00:00:00+00:00,0.009829998765942883
2026-02-04 00:00:00+00:00,0.005383063811252833
2026-02-05 00:00:00+00:00,0.0016963906818532333
2026-02-06 00:00:00+00:00,0.0123964436961667
2026-02-07 00:00:00+00:00,0.0016678027817954484
2026-02-08 00:00:00+00:00,-0.004563863896217475
2026-02-09 00:00:00+00:00,-0.0022304124245786333
2026-02-10 00:00:00+00:00,-0.004618822201283942
2026-02-11 00:00:00+00:00,-0.009452045065925249
2026-02-12 00:00:00+00:00,-0.007836963219822284
2026-02-13 00:00:00+00:00,0.016704215952004216
2026-02-14 00:00:00+00:00,-0.01259643558996705
2026-02-15 00:00:00+00:00,-0.010948050738102373
2026-02-16 00:00:00+00:00,0.0031767114066050296
2026-02-17 00:00:00+00:00,-0.0004299854319828509
2026-02-18 00:00:00+00:00,-0.002692895319755037
2026-02-19 00:00:00+00:00,-0.006288015213226936
2026-02-20 00:00:00+00:00,-0.006684148156359783
2026-02-21 00:00:00+00:00,0.0094243941605896
2026-02-22 00:00:00+00:00,-0.0059638545820225085
2026-02-23 00:00:00+00:00,-0.0015815725834285998
2026-02-24 00:00:00+00:00,0.015193711059501526
2026-02-25 00:00:00+00:00,0.00034742380009855243
2026-02-26 00:00:00+00:00,0.010732480666450073
2026-02-27 00:00:00+00:00,0.0001221780752241334
2026-02-28 00:00:00+00:00,0.0012894828275360748
2026-03-01 00:00:00+00:00,-0.0018576508641849083
2026-03-02 00:00:00+00:00,-0.003537725215899616
2026-03-03 00:00:00+00:00,-0.0090748146550359
2026-03-04 00:00:00+00:00,-0.0003754507009937922
2026-03-05 00:00:00+00:00,0.002402231927306075
2026-03-06 00:00:00+00:00,-0.0035016755498899835
2026-03-07 00:00:00+00:00,0.004783337315114509
2026-03-08 00:00:00+00:00,-1.3353784118583334e-05
2026-03-09 00:00:00+00:00,0.007100349458693434
2026-03-10 00:00:00+00:00,-0.003385874391012292
2026-03-11 00:00:00+00:00,0.011199483976552314
2026-03-12 00:00:00+00:00,-0.00391368878840665
2026-03-13 00:00:00+00:00,-0.006659395841135801
2026-03-14 00:00:00+00:00,-0.006288284837925016
2026-03-15 00:00:00+00:00,0.004035405446370717
2026-03-16 00:00:00+00:00,-0.005445499467904859
2026-03-17 00:00:00+00:00,0.013507041689974242
2026-03-18 00:00:00+00:00,0.003952958346288684
2026-03-19 00:00:00+00:00,0.003363990934323175
2026-03-20 00:00:00+00:00,0.0012291580790441254
2026-03-21 00:00:00+00:00,-0.0014533658528394667
2026-03-22 00:00:00+00:00,-0.0011638880486919837
2026-03-23 00:00:00+00:00,-0.0016067028028324416
2026-03-24 00:00:00+00:00,7.90240469833715e-06
2026-03-25 00:00:00+00:00,-0.003515317414276225
2026-03-26 00:00:00+00:00,-0.0026293382871285832
2026-03-27 00:00:00+00:00,0.005466714669864825
2026-03-28 00:00:00+00:00,0.0021022790292840672
2026-03-29 00:00:00+00:00,0.0007463101528005743
2026-03-30 00:00:00+00:00,-0.0025856753529881
2026-03-31 00:00:00+00:00,-0.00781157414347005
2026-04-01 00:00:00+00:00,-0.007052088106819426
2026-04-02 00:00:00+00:00,-0.0031746490353329747
2026-04-03 00:00:00+00:00,0.012249959215365418
2026-04-04 00:00:00+00:00,-0.0006394759807281833
2026-04-05 00:00:00+00:00,0.002970805559255742
2026-04-06 00:00:00+00:00,-0.007535276008636591
2026-04-07 00:00:00+00:00,0.007835647466460175
2026-04-08 00:00:00+00:00,0.01667098624330367
2026-04-09 00:00:00+00:00,0.009355091465949733
2026-04-10 00:00:00+00:00,0.011049430950495001
2026-04-11 00:00:00+00:00,1.530121711660006e-05
2026-04-12 00:00:00+00:00,-0.0006670861037061396
2026-04-13 00:00:00+00:00,0.00637356034027525
2026-04-14 00:00:00+00:00,-0.018777526427612993
2026-04-15 00:00:00+00:00,0.0024748465718662277
2026-04-16 00:00:00+00:00,-0.004921162273198784
2026-04-17 00:00:00+00:00,-0.001451425937155067
2026-04-18 00:00:00+00:00,0.0035894937110403924
2026-04-19 00:00:00+00:00,0.006827842139873729
2026-04-20 00:00:00+00:00,0.0036044290499851247
2026-04-21 00:00:00+00:00,0.0040137741096721
2026-04-22 00:00:00+00:00,-0.0012015715801301167
2026-04-23 00:00:00+00:00,0.0015787258922902482
2026-04-24 00:00:00+00:00,0.003915872636516175
2026-04-25 00:00:00+00:00,0.002131184682620017
2026-04-26 00:00:00+00:00,0.0005496261957053881
2026-04-27 00:00:00+00:00,-0.0005963646987150479
2026-04-28 00:00:00+00:00,-0.0019018495196652418
2026-04-29 00:00:00+00:00,-0.003896409802121441
2026-04-30 00:00:00+00:00,0.0005807564921424918
2026-05-01 00:00:00+00:00,-0.0007730679054614582
2026-05-02 00:00:00+00:00,-0.005501190663857826
2026-05-03 00:00:00+00:00,0.003311656599622475
2026-05-04 00:00:00+00:00,-0.005649831640645934
2026-05-05 00:00:00+00:00,-0.011692542373056107
2026-05-06 00:00:00+00:00,0.007970578683120259
2026-05-07 00:00:00+00:00,-0.006898950819639384
2026-05-08 00:00:00+00:00,0.0018269838110892753
2026-05-09 00:00:00+00:00,-0.0019709481810216084
2026-05-10 00:00:00+00:00,0.003308504759409133
2026-05-11 00:00:00+00:00,0.004870195547763066
2026-05-12 00:00:00+00:00,-0.005941885094455926
2026-05-13 00:00:00+00:00,-0.0004744242962831247
2026-05-14 00:00:00+00:00,0.005162782440757741
2026-05-15 00:00:00+00:00,-0.004203433977982667
2026-05-16 00:00:00+00:00,-0.0005169153795167751
2026-05-17 00:00:00+00:00,0.0006343808312159418
2026-05-18 00:00:00+00:00,-0.0048994933246037575
2026-05-19 00:00:00+00:00,-0.013178953790256692
2026-05-20 00:00:00+00:00,-0.004691447899940142
2026-05-21 00:00:00+00:00,-0.012180308806939709
2026-05-22 00:00:00+00:00,0.0009421466113404478
2026-05-23 00:00:00+00:00,-0.005446842445523151
2026-05-24 00:00:00+00:00,0.001349970866971675
2026-05-25 00:00:00+00:00,0.007912591728827292
2026-05-26 00:00:00+00:00,-0.0030436333411896833
2026-05-27 00:00:00+00:00,-0.01025120892742605
2026-05-28 00:00:00+00:00,-5.8083938983824945e-05
2026-05-29 00:00:00+00:00,-0.011360179342613934
2026-05-30 00:00:00+00:00,0.023611870476595822
2026-05-31 00:00:00+00:00,-0.02128553864063837
2026-06-01 00:00:00+00:00,0.014794390885479259
2026-06-02 00:00:00+00:00,-0.006335683860234576
2026-06-03 00:00:00+00:00,0.026115251055665284
2026-06-04 00:00:00+00:00,0.008360782411152875
2026-06-05 00:00:00+00:00,-0.015120524921603535
2026-06-06 00:00:00+00:00,-0.003508916873000477
2026-06-07 00:00:00+00:00,-0.0018660700981897253
2026-06-08 00:00:00+00:00,0.0022331089659240757
2026-06-09 00:00:00+00:00,0.0002758918754745083
2026-06-10 00:00:00+00:00,-0.003999207827778592
2026-06-11 00:00:00+00:00,-0.00030365457682
2026-06-12 00:00:00+00:00,-0.006776628864124334
2026-06-13 00:00:00+00:00,-0.005870822623309925
2026-06-14 00:00:00+00:00,-0.0025195324045482587
2026-06-15 00:00:00+00:00,0.003361288435353542
2026-06-16 00:00:00+00:00,0.016630179493405
2026-06-17 00:00:00+00:00,0.0024256505840908418
2026-06-18 00:00:00+00:00,0.006869320303977618
2026-06-19 00:00:00+00:00,0.0015188668949139745
2026-06-20 00:00:00+00:00,-0.005413447247555984
2026-06-21 00:00:00+00:00,0.0019006103011788417
2026-06-22 00:00:00+00:00,-0.007933667947394493
2026-06-23 00:00:00+00:00,-0.0016946732522456164
2026-06-24 00:00:00+00:00,0.0031736389993833416
2026-06-25 00:00:00+00:00,-0.006089774583796034
2026-06-26 00:00:00+00:00,-0.0003541527202931554
2026-06-27 00:00:00+00:00,-0.013145496179144527
2026-06-28 00:00:00+00:00,-0.0019844622445434833
2026-06-29 00:00:00+00:00,0.0015405118387088997
2026-06-30 00:00:00+00:00,0.006570982201646266
2026-07-01 00:00:00+00:00,0.01562647328891265
2026-07-02 00:00:00+00:00,0.01122238530513745
2026-07-03 00:00:00+00:00,-0.009465650038830228
2026-07-04 00:00:00+00:00,0.007950165579784849
2026-07-05 00:00:00+00:00,0.0055514391476592165
2026-07-06 00:00:00+00:00,0.0003896858127601422
2026-07-07 00:00:00+00:00,-0.0006827170229105835
2026-07-08 00:00:00+00:00,-0.014053510904136174
2026-07-09 00:00:00+00:00,-0.006989316167127475
2026-07-10 00:00:00+00:00,-0.003493225057567641
2026-07-11 00:00:00+00:00,-0.0008885188847628165
2026-07-12 00:00:00+00:00,-0.009144306163516776
2026-07-13 00:00:00+00:00,-0.006972239618552125
2026-07-14 00:00:00+00:00,0.006618652026852024
2026-07-15 00:00:00+00:00,-0.012016000093483435
2026-07-16 00:00:00+00:00,-0.005694963912990288
2026-07-17 00:00:00+00:00,0.005523413189016142
2026-07-18 00:00:00+00:00,0.0014848706452681914
2026-07-19 00:00:00+00:00,-0.004971651953973791
2026-07-20 00:00:00+00:00,-0.0032851696192260243
2026-07-21 00:00:00+00:00,0.004247630690536076
2026-07-22 00:00:00+00:00,0.00587634426634447
2026-07-23 00:00:00+00:00,-0.0002585980639586334
2026-07-24 00:00:00+00:00,-0.00742062998084445
2026-07-25 00:00:00+00:00,0.0008503633003279477
2026-07-26 00:00:00+00:00,0.01237819373240378
2026-07-27 00:00:00+00:00,-0.011443438812988725
2026-07-28 00:00:00+00:00,-0.006434492158608058
2026-07-29 00:00:00+00:00,-0.0013615106061643084
2026-07-30 00:00:00+00:00,-0.0010572969981995919
2026-07-31 00:00:00+00:00,-0.005130861011527834
2026-08-01 00:00:00+00:00,0.003923261465138
2026-08-02 00:00:00+00:00,0.0066377035572663
2026-08-03 00:00:00+00:00,-0.003217977270232567
2026-08-04 00:00:00+00:00,0.004610994287476908
2026-08-05 00:00:00+00:00,-0.005014164624832917
2026-08-06 00:00:00+00:00,-0.002473697527067917
2026-08-07 00:00:00+00:00,-0.00161872311736165
2026-08-08 00:00:00+00:00,0.0012488686293222584
2026-08-09 00:00:00+00:00,0.0030069928236476167
2026-08-10 00:00:00+00:00,-0.0022103592595060415
2026-08-11 00:00:00+00:00,-0.0016692463187920833
2026-08-12 00:00:00+00:00,0.001321134131635775
2026-08-13 00:00:00+00:00,0.008032054893040598
2026-08-14 00:00:00+00:00,-0.003590632600709265
2026-08-15 00:00:00+00:00,-0.002418349537000208
2026-08-16 00:00:00+00:00,-0.006007881379869891
2026-08-17 00:00:00+00:00,0.0002480382307810609
2026-08-18 00:00:00+00:00,-0.005047071345807733
2026-08-19 00:00:00+00:00,-0.005063464742341625
2026-08-20 00:00:00+00:00,-0.003810474114278334
2026-08-21 00:00:00+00:00,0.024919716044368403
2026-08-22 00:00:00+00:00,0.009379719753196916
2026-08-23 00:00:00+00:00,-0.009822311251687692
2026-08-24 00:00:00+00:00,0.008221931011274825
2026-08-25 00:00:00+00:00,-0.011930853906659591
2026-08-26 00:00:00+00:00,-0.00612806617523036
2026-08-27 00:00:00+00:00,-0.0030135404382652
2026-08-28 00:00:00+00:00,-0.010025435674892691
2026-08-29 00:00:00+00:00,-0.004306720405508625
2026-08-30 00:00:00+00:00,-0.00748241183903705
2026-08-31 00:00:00+00:00,-0.023264631459731098
