id,days,ann_return,ann_excess,ann_vol,sharpe,max_drawdown,cvar5_daily,price_ann,funding_ann,fee_ann,slip_ann,turnover_ann,gross_mean,net_mean,mean_ci
OI_24h,973,-0.24403080609231656,-0.2852800352803947,0.19384342047811493,-1.4717034737457237,-0.5250373582340471,-0.02646332685154774,-0.029523726511003743,-0.005337979237707808,-0.10903403558709282,-0.10013506475651213,218.0680711741857,0.9990163394195158,-0.0008851210674136457,"(-0.24403080609231656, -0.48449809094055, -0.001117660203782742)"
OI_72h,973,-0.07738792224985219,-0.11863715143793027,0.20612980386598623,-0.5755458415662266,-0.4559034074035644,-0.02709582443842217,0.04003205114257673,-0.00014238465778995983,-0.06088938858640985,-0.05638820014822975,121.7787771728197,1.0021715235400852,0.005641630143558647,"(-0.07738792224985219, -0.34288728496143145, 0.17511293027878047)"
TOP_24h,973,-0.43951088356005663,-0.4807601127481347,0.19357878564386696,-2.483537186934338,-0.7057680258794645,-0.026316458374896153,-0.3271722420070453,-0.02977632922865645,-0.04289624614224564,-0.03966606618210934,85.79249228449126,0.9997659411096591,-0.04189419602005449,"(-0.43951088356005663, -0.6858656811148397, -0.19949770339338221)"
TOP_72h,973,-0.24030559684388592,-0.2815548260319641,0.20360510199071596,-1.3828475970351788,-0.5246373316137884,-0.025355068052429347,-0.16842604442988304,-0.02924710309517604,-0.02218130592277928,-0.02045114339604709,44.36261184555857,0.999629204094932,-0.03392617778856186,"(-0.24030559684388592, -0.47544725145011346, -0.01690682752722541)"
CROWD_24h,973,0.22008965898443061,0.1788404297963525,0.19263962084675998,0.9283678456708322,-0.19199818411046854,-0.020780494825924478,0.2990489545930468,0.02393081425404472,-0.05407255026843548,-0.04881755959422579,108.14510053687096,0.9953559071833233,0.0030656603882411445,"(0.22008965898443061, -0.0008885679091928977, 0.42678605123534874)"
CROWD_72h,973,0.1833548529370039,0.14210562374892577,0.19750683416166065,0.7194972485489357,-0.2960652958269886,-0.021999447416512177,0.21095802924586587,0.023593374591906358,-0.027038185528808344,-0.024158365371960987,54.0763710576167,0.9934700045154284,0.007368777071953581,"(0.1833548529370039, -0.11225354017438564, 0.44811039001185876)"
GAP_24h,973,-0.019009186874478348,-0.06025841606255642,0.195386354614764,-0.30840647076591243,-0.3023961273604804,-0.020732022966354582,0.08109818617691085,0.0007586648059285395,-0.05295264194663589,-0.047913395910681944,105.90528389327179,0.9973032830104719,-0.022751734294753315,"(-0.019009186874478348, -0.261766423425901, 0.22280422969497998)"
GAP_72h,973,0.11639965273934672,0.0751504235512686,0.20005520835496238,0.37564842309892543,-0.2052474332189158,-0.021397526821771293,0.16233198852165157,0.0023907865623232867,-0.025440666217510594,-0.022882456127117583,50.881332435021186,0.9947363082561931,-0.023313278881066296,"(0.11639965273934672, -0.14899675378629695, 0.36750810048120836)"
FLOW_cont_24h,973,-0.2557655666372734,-0.2970147958253515,0.17910340702551147,-1.6583425226692907,-0.54606370014255,-0.02162227313714873,-0.02234443283160629,0.002836329478649532,-0.12278570741782578,-0.11347175586649037,245.5714148356516,1.0006240723712156,-0.013618419660272076,"(-0.2557655666372734, -0.4654662221333957, -0.01680620325575629)"
FLOW_cont_72h,973,-0.23539684671045163,-0.2766460758985298,0.20496480697061575,-1.3497247648870296,-0.5085955787837206,-0.027697458211680997,-0.10236716776193995,0.005094328704937872,-0.07172618891519873,-0.06639781873825082,143.45237783039747,1.003017727166117,-0.01011854080302577,"(-0.23539684671045163, -0.47572279490703095, 0.0004623134973901685)"
FLOW_rev_24h,973,-0.21375368287797172,-0.25500291206604986,0.17780109548972065,-1.4342032672166098,-0.5425846985528648,-0.02269975445813719,0.02521932661187967,-0.0027353943104140126,-0.12278152396297055,-0.11345609121646658,245.56304792594108,1.000485006870082,0.014413376922152908,"(-0.21375368287797172, -0.44926723437436816, -0.006070430684401237)"
FLOW_rev_72h,973,-0.04384428363369265,-0.08509351282177077,0.20292277509141995,-0.4193393904820924,-0.35264551267163646,-0.022241653827645553,0.09916627219194794,-0.0052521293598620095,-0.07153579560106735,-0.06622263086471075,143.07159120213467,1.001168097216765,0.009555495604201542,"(-0.04384428363369265, -0.2744058265221897, 0.18743292701033107)"
COMPOSITE_24h,973,0.1223998327237078,0.0811506035356297,0.19036830925397327,0.42628210469298977,-0.179432910900713,-0.02104543691315987,0.24022831335045444,0.008004566978047562,-0.06588478779466739,-0.05994825981012607,131.76957558933478,1.000030657483067,-0.008721450874422262,"(0.1223998327237078, -0.10045040036153371, 0.3593559093189998)"
COMPOSITE_72h,973,0.16497828009698975,0.12372905090891168,0.1885197015313975,0.6563189412237898,-0.15955359147268788,-0.020815599562392813,0.21876211492292405,0.011302238344664895,-0.034089554626903155,-0.030996518543694472,68.1791092538063,0.9937195164380942,-0.004458264405163564,"(0.16497828009698975, -0.05724105490845529, 0.3906383720176828)"
